source,recall_id,date,product,firm,origin_country,firm_country,category,reason,severity,url,year
cpsc,26753,20260910,Lontcs Busy Board,"Xianyouxianlichengshaungqiaotouqichemeirongdian (Xianyou County Licheng Shuangqiaotou Auto Beauty Shop), dba SQT LLC, of China",China,,toys_children,The toys’ zipper contains levels of lead that exceed the standard set in the federal lead paint ban. Lead is toxic if ingested by young children and can cause adverse health issues.,,https://cpsc.gov/Recalls/2026/SQT-Recalls-Lontcs-Busy-Boards-Due-to-Risk-of-Serious-Injury-from-Lead-Poisoning-Violate-Federal-Lead-Paint-Ban,2026
rasff,2026.7373,20260907,Increased lead migration from oriental coffee pot from France,,France,Germany,tableware,information notification for follow-up — potentially serious,potentially serious,https://webgate.ec.europa.eu/rasff-window/screen/notification/866757,2026
rasff,2026.7096,20260810,Lead limit exceeded in the feed additive copper sulphate from Ukraine,,Ukraine,Germany,animal_feed,information notification for attention — not serious,not serious,https://webgate.ec.europa.eu/rasff-window/screen/notification/864405,2026
rasff,2026.7077,20260810,"Lead in Sweet Potatoes from the Unites States, via the Netherlands",,United States,Germany,staple_food,information notification for attention — potentially serious,potentially serious,https://webgate.ec.europa.eu/rasff-window/screen/notification/864351,2026
rasff,2026.6961,20260805,High content of lead in vegan burguer ,,United Kingdom,Portugal,other,alert notification — serious,serious,https://webgate.ec.europa.eu/rasff-window/screen/notification/863978,2026
rasff,2026.6840,20260731,Migration of lead on branding iron presumably from United Kingdom,,United Kingdom,Germany,tableware,information notification for follow-up — potential risk,potential risk,https://webgate.ec.europa.eu/rasff-window/screen/notification/863137,2026
rasff,2026.6556,20260723,"Significant release of arsenic, aluminium and lead from a ceramic baking dish from Portugal, via the Netherlands",,Portugal,Germany,ceramic_tableware,information notification for follow-up — potential risk,potential risk,https://webgate.ec.europa.eu/rasff-window/screen/notification/861071,2026
cpsc,26623,20260716,Space King No Girls Allowed Relic Lunch Boxes (Cups only),,China,,tableware,"The cup in the lunch boxes contains high lead concentration levels for drinking vessels, posing a lead poisoning hazard. Lead is toxic if ingested by adults or children and can cause adverse health issues.",,https://www.cpsc.gov/Recalls/2026/Warren-James-Recalls-the-Copper-Cup-Found-in-Flashgitz-Relic-Lunch-Boxes-Due-to-Risk-of-Serious-Injury-or-Death-from-Lead-Poisoning,2026
rasff,2026.6291,20260715,Lead in pitted green olives from Morocco,,Morocco,Germany,food_other,information notification for attention — potential risk,potential risk,https://webgate.ec.europa.eu/rasff-window/screen/notification/858903,2026
fda_food,H-1179-2026,20260702,Brooklyn Roasting Company Pasteurized Cold Brew Concentrate; 2.5gal; bag in a box distributed between 04/01/2026 and 06/20/2026.,Brooklyn Roasting Works LLC,,United States,other,Ambient storage of the product may lead to Clostridium botulinum toxin formation.,Class II,,2026
rasff,2026.5716,20260629,Lead in cinnamon from Spain,,Spain,Portugal,spices,alert notification — potentially serious,potentially serious,https://webgate.ec.europa.eu/rasff-window/screen/notification/854544,2026
rasff,2026.5360,20260617,Niveles elevados de plomo en carne procedente del Reino Unido// High levels of lead in various meat products from the United Kingdom,,United Kingdom,Spain,food_other,information notification for attention — serious,serious,https://webgate.ec.europa.eu/rasff-window/screen/notification/848831,2026
rasff,2026.4789,20260601,Lead in hay from Germany,,Germany,Netherlands,animal_feed,alert notification — serious,serious,https://webgate.ec.europa.eu/rasff-window/screen/notification/847496,2026
rasff,2026.4680,20260528,Migration of lead and cadmium from glasses from China,,China,Poland,tableware,alert notification — serious,serious,https://webgate.ec.europa.eu/rasff-window/screen/notification/847139,2026
rasff,2026.4607,20260526,Heavy metals (cadmium and lead) in a glass cup from China via Czechia,,China,Slovakia,tableware,alert notification — serious,serious,https://webgate.ec.europa.eu/rasff-window/screen/notification/846686,2026
fda_food,H-0943-2026,20260515,"DRAGONFLY Thai Ginger Powder Net Weight: 4.37 oz (125 g) PRODUCT OF THAILAND  Packed for: U.S. Trading Company Hayward, CA 94545-1130  UPC: 721557533567","U.S. Tov, Inc. dba U.S. Trading Company",,United States,other,Potential contamination with lead.,Class II,,2026
rasff,2026.4142,20260512,Lead pitted green olives from Morocco,,Morocco,Netherlands,food_other,information notification for attention — serious,serious,https://webgate.ec.europa.eu/rasff-window/screen/notification/842280,2026
fda_food,H-0796-2026,20260423,"FulviLife Complex. Dosage:2 tablespoons (30mL). Liquid. Packaging: Plastic Bottle. Net Volume:16 fl oz (480 ml). Firm Address: VitaminAlly LLC Chandler, AZ 85225.",Wellnov Supplements LLC,,United States,other,Deviations from current Good Manufacturing Practices (cGMP) that could lead to bacterial pathogen and possible C. Botulinum concerns.,Class II,,2026
fda_food,H-0798-2026,20260423,"Liposomal Mens Liquid Multivitamin  Drops. Dosage: 3mL Liquid. Packaging: Aluminum bottle. 90 ml. Firm Address: Vitaminally LLC Chandler, AZ 85225.",Wellnov Supplements LLC,,United States,other,Deviations from current Good Manufacturing Practices (cGMP) that could lead to bacterial pathogen and possible C. Botulinum concerns.,Class II,,2026
fda_food,H-0808-2026,20260423,"Liposomal Sleep Spray. Dosage: 6 sprays Liquid. Packaging: Aluminum bottle. 30 ml. Firm Address: VitaminAlly LLC Chandler, AZ 85225",Wellnov Supplements LLC,,United States,other,Deviations from current Good Manufacturing Practices (cGMP) that could lead to bacterial pathogen and possible C. Botulinum concerns.,Class II,,2026
fda_food,H-0805-2026,20260423,"Liposomal D3-5000IU Spray Dosage: 3 sprays Liquid. Packaging: Aluminum bottle. 30 ml. Firm Address: Vitaminally LLC Chandler, AZ 85225.",Wellnov Supplements LLC,,United States,other,Deviations from current Good Manufacturing Practices (cGMP) that could lead to bacterial pathogen and possible C. Botulinum concerns.,Class II,,2026
fda_food,H-0795-2026,20260423,"Joint Nourish. Dosage:2 tablespoons (30mL). Liquid. For Oral use. Packaging: Plastic Bottle. Net Volume:480 ml. Firm Address: VitaminAlly LLC Chandler, AZ 85225.",Wellnov Supplements LLC,,United States,other,Deviations from current Good Manufacturing Practices (cGMP) that could lead to bacterial pathogen contamination and possible C. Botulinum concerns.,Class II,,2026
fda_food,H-0807-2026,20260423,"Liposomal B12 Spray. Dosage: 3 sprays Liquid. Packaging: Aluminum bottle. 30 ml. Firm Address: VitaminAlly LLC Chandler, AZ 85225",Wellnov Supplements LLC,,United States,other,Deviations from current Good Manufacturing Practices (cGMP) that could lead to bacterial pathogen and possible C. Botulinum concerns.,Class II,,2026
fda_food,H-0797-2026,20260423,"Liposomal Womens 50+ Liquid Multivitamin Drops. Dosage: 3ml Liquid. Packaging: Aluminum bottle. 90 ml. Firm Address: Vitaminally LLC Chandler, AZ 85225.",Wellnov Supplements LLC,,United States,other,Deviations from current Good Manufacturing Practices (cGMP) that could lead to bacterial pathogen and possible C. Botulinum concerns.,Class II,,2026
fda_food,H-0803-2026,20260423,"Liposomal Women's Liquid Multivitamin Drops - Iron Free. Dosage: 3ml Liquid. Packaging: Aluminum bottle. 90 ml. Firm Address: Vitaminally LLC Chandler, AZ 85225.",Wellnov Supplements LLC,,United States,other,Deviations from current Good Manufacturing Practices (cGMP) that could lead to bacterial pathogen and possible C. Botulinum concerns.,Class II,,2026
fda_food,H-0806-2026,20260423,"Liposomal D3+B12 Spray. Dosage: 3 sprays Liquid. Packaging: Aluminum bottle. 30 ml. Firm Address: VitaminAlly LLC Chandler, AZ 85225.",Wellnov Supplements LLC,,United States,other,Deviations from current Good Manufacturing Practices (cGMP) that could lead to bacterial pathogen and possible C. Botulinum concerns.,Class II,,2026
fda_food,H-0800-2026,20260423,"Liposomal Women's Liquid Multivitamin Drops with Iron. Dosage: 3mL Liquid. Packaging: Aluminum bottle. 90 ml. Firm Address: Vitaminally LLC Chandler, AZ 85225.",Wellnov Supplements LLC,,United States,other,Deviations from current Good Manufacturing Practices (cGMP) that could lead to bacterial pathogen and possible C. Botulinum concerns.,Class II,,2026
fda_food,H-0801-2026,20260423,"Liposomal Collagen Booster. Dosage: 3mL Liquid. Packaging: Aluminum bottle. 90 ml. Firm Address: Vitaminally LLC Chandler, AZ 85225.",Wellnov Supplements LLC,,United States,other,Deviations from current Good Manufacturing Practices (cGMP) that could lead to bacterial pathogen and possible C. Botulinum concerns.,Class II,,2026
fda_food,H-0799-2026,20260423,"Liposomal Mens 50+ Liquid Multivitamin Drops. Dosage: 3mL Liquid. Packaging: Aluminum bottle. 90 ml. Firm Address: Vitaminally LLC Chandler, AZ 85225.",Wellnov Supplements LLC,,United States,other,Deviations from current Good Manufacturing Practices (cGMP) that could lead to bacterial pathogen and possible C. Botulinum concerns.,Class II,,2026
fda_food,H-0804-2026,20260423,"Liposomal Prenatal+Postnatal Liquid Multivitamin Drops - Iron Free. Dosage: 3mL Liquid. Packaging: Aluminum bottle. 90 ml. Firm Address: Vitaminally LLC Chandler, AZ 85225",Wellnov Supplements LLC,,United States,other,Deviations from current Good Manufacturing Practices (cGMP) that could lead to bacterial pathogen and possible C. Botulinum concerns.,Class II,,2026
fda_food,H-0802-2026,20260423,"Liposomal Kids Liquid Multivitamin Drops. Dosage: 3mL Liquid. Packaging: Aluminum bottle. 90 ml. Firm Address: Vitaminally LLC Chandler, AZ 85225",Wellnov Supplements LLC,,United States,other,Deviations from current Good Manufacturing Practices (cGMP) that could lead to bacterial pathogen and possible C. Botulinum concerns.,Class II,,2026
rasff,2026.3545,20260423,Exceedance of the maximum level for lead in category 3 animal by-products,,Germany,Netherlands,other,information notification for follow-up — potential risk,potential risk,https://webgate.ec.europa.eu/rasff-window/screen/notification/839646,2026
rasff,2026.3238,20260416,lead in avocados,,Spain,France,food_other,alert notification — serious,serious,https://webgate.ec.europa.eu/rasff-window/screen/notification/837873,2026
rasff,2026.3220,20260415,Exceeding the lead limit in food supplements,,India,France,medicines,alert notification — potentially serious,potentially serious,https://webgate.ec.europa.eu/rasff-window/screen/notification/837695,2026
rasff,2026.2532,20260324,Lead in Lovage root from Poland,,Poland,Netherlands,spices,alert notification — serious,serious,https://webgate.ec.europa.eu/rasff-window/screen/notification/831564,2026
rasff,2026.1875,20260306,Plomo en aguacates frescos de Mexico // Lead in fresh avocados from Mexico,,Mexico,Spain,food_other,information notification for attention — potentially serious,potentially serious,https://webgate.ec.europa.eu/rasff-window/screen/notification/824318,2026
cpsc,26300,20260226,Children's Christmas Tree Toy Play Sets,,China,,toys_children,"The zipper pull on the music box compartment of the recalled Christmas Tree Toys contain levels of lead that exceed the federal lead content ban. Lead is toxic if ingested by young children and can cause adverse health issues. Additionally, the Christmas tree component fails to comply with various m",,https://www.cpsc.gov/Recalls/2026/TheKiddoSpace-Recalls-Childrens-Christmas-Tree-Play-Sets-Due-to-Risk-of-Injury-from-Lead-Exposure-Violates-Federal-Lead-Content-Ban-and-Mandatory-Standard-for-Toys,2026
cpsc,26296,20260226,KiddoSpace Children's Flashcard Talking Toys,,China,,toys_children,"The recalled children's flashcard toy sets contain levels of lead that exceed the federal lead content ban and levels of phthalates that exceed the federal phthalates ban. Lead and phthalates are toxic if ingested by young children and can cause adverse health issues. In addition, the flashcards als",,https://www.cpsc.gov/Recalls/2026/TheKiddoSpace-Recalls-Childrens-Flashcard-Talking-Toys-Due-to-Risk-of-Injury-from-Lead-and-Phthalate-Exposure-Violates-Federal-Lead-Content-and-Phthalates-Bans-and-Standard-for-Toys,2026
cpsc,26293,20260226,TheKiddoSpace Print and Cursive Handwriting Kits,,China,,toys_children,The pens in the recalled children's handwriting kits contain levels of lead in the nib that exceed the federal lead content ban. Lead is toxic if ingested by young children and can cause adverse health issues.,,https://www.cpsc.gov/Recalls/2026/TheKiddoSpace-Recalls-Childrens-Handwriting-Practice-Kits-Due-to-Risk-of-Injury-from-Lead-Exposure-Violates-Federal-Lead-Content-Ban,2026
rasff,2026.1530,20260224,Migration of lead and phthalates (DBP+DIBP) from cardboard plates from Spain,,Spain,France,game_meat,alert notification — serious,serious,https://webgate.ec.europa.eu/rasff-window/screen/notification/825952,2026
rasff,2026.1150,20260211,Plomo en ajo en polvo de Indiua // Lead in garlic powder from India ,,India,Spain,spices,border rejection notification — potentially serious,potentially serious,https://webgate.ec.europa.eu/rasff-window/screen/notification/822324,2026
rasff,2026.1057,20260209,Lead in pheasant breast from the Netherlands,,Netherlands,Austria,game_meat,information notification for follow-up — potentially serious,potentially serious,https://webgate.ec.europa.eu/rasff-window/screen/notification/822209,2026
rasff,2026.1001,20260206,Ochratoxin A & lead in exhausted vanilla powder from Madagascar,,Madagascar,Netherlands,spices,information notification for attention — serious,serious,https://webgate.ec.europa.eu/rasff-window/screen/notification/821761,2026
rasff,2026.0166,20260109,Increased lead content in organic dandelion processed in food supplements from Germany,,Germany,Germany,medicines,information notification for follow-up — potentially serious,potentially serious,https://webgate.ec.europa.eu/rasff-window/screen/notification/815584,2026
rasff,2025.10256,20251219,Presence of heavy metals (cadmium and lead) in a glass cup from China via Denmark,,Greece,Slovakia,tableware,alert notification — serious,serious,https://webgate.ec.europa.eu/rasff-window/screen/notification/812038,2025
rasff,2025.9647,20251203,"migration of heavy metals (lead, cadmium) from glass mugs",,China,Poland,tableware,information notification for follow-up — potentially serious,potentially serious,https://webgate.ec.europa.eu/rasff-window/screen/notification/806012,2025
rasff,2025.9595,20251201,"Lead and mercury in cinnamon powder from China, dispatched from United Kingdom",,China,Germany,spices,information notification for follow-up — potentially serious,potentially serious,https://webgate.ec.europa.eu/rasff-window/screen/notification/807873,2025
rasff,2025.9508,20251128,High content of lead in Petfood (BARF) from Czech Republic,,Czechia,Czechia,animal_feed,alert notification — potentially serious,potentially serious,https://webgate.ec.europa.eu/rasff-window/screen/notification/807314,2025
fda_food,H-0514-2026,20251121,Brass Pital Pot 4-quart.  Sticker label: BRASS HAMMERED HANDI NO 3 UPC 7 023672 414398 US $ 74.99  Sticker label: IKM INDIAN KITCHEN MART,Lotus Mom Corporation dba Indian Kitchen Mart,,United States,other,Potential contamination with leachable lead.,Class I,,2025
fda_food,H-0512-2026,20251121,Brass Tope.  Sticker label: $29.99+TAX,Lotus Mom Corporation dba Indian Kitchen Mart,,United States,other,Potential contamination with leachable lead.,Class II,,2025
fda_food,H-0511-2026,20251121,"IKM Aluminum Saucepan 9"" with Wooden Handle.  Sticker label: ALUMINIUM PAN 2 SIDE POUTED WOODEN HANDLE 9"" UPC 7 023672 411878 US $ 17.99  Sticker label: IKM INDIAN KITCHEN MART",Lotus Mom Corporation dba Indian Kitchen Mart,,United States,other,Potential contamination with leachable lead.,Class II,,2025
fda_food,H-0513-2026,20251121,Aluminum Kadai with Metal Handles Size 5.  A-Cook MADE IN INDIA SIZE 5  Sticker label: $$24.99+TX,Lotus Mom Corporation dba Indian Kitchen Mart,,United States,other,Potential contamination with leachable lead.,Class II,,2025
fda_food,H-0306-2026,20251119,Chef brand Milk Pan 24cm,Shata Traders Inc.,,United States,other,Products found to contain leachable lead levels (3.00 mg/L),Class II,,2025
fda_food,H-0234-2026,20251119,Sonex brand aluminum pot; ISO 9001:2000; Made in Pakistan,Alanwar Food Corp.,,United States,other,Products found to contain leachable lead levels (0.323mg/L),Class I,,2025
fda_food,H-0390-2026,20251119,"DPA161 Shrimp Paste (Klong Kone) 'L'  ,  32 oz, 12 count  , PLastic Jar,  12 packages / cases","GUSTO GROUP, INC.",,United States,other,Product tested high for lead.,Class II,,2025
fda_food,H-0389-2026,20251119,"Shrimp Paste (Klong Kone) 'M' ,  16 oz, 24 count , PLastic Jar,  24 packages/ case","GUSTO GROUP, INC.",,United States,other,Product tested high for lead.,Class II,,2025
fda_food,H-0466-2026,20251114,CINNAMON POWDER NET WT : 3.5 oz (100g) PRODUCT OF INDIA UPC 7 46241 29537 8 Distributed by: Venzu Traders LLC venzutraders@outlook.com,VENZU TRADERS LLC,,United States,spices,Potential contamination with heavy metal (lead).,Class II,,2025
fda_food,H-0304-2026,20251112,Brass Langri Cookware  Sticker label: 14,Santos Agency Inc.,,United States,other,Potential contamination due to leachable lead.,Class II,,2025
rasff,2025.8543,20251103,"Excessive levels of lead in cinnamon powder from Vietnam, via the Netherlands",,Vietnam,Germany,spices,information notification for follow-up — potentially serious,potentially serious,https://webgate.ec.europa.eu/rasff-window/screen/notification/800913,2025
rasff,2025.8536,20251103,Lead and mercury in food supplement from India,,India,Netherlands,medicines,information notification for attention — potential risk,potential risk,https://webgate.ec.europa.eu/rasff-window/screen/notification/800794,2025
fda_food,H-0349-2026,20251031,ALUMINIUM HAMMERED KADAI SIZE 7 8 901000 000057 MADE IN INDIA,INDIAN COOKWARE AND APPLIANCE LLC,,United States,other,Potential contamination due to leachable lead.,Class II,,2025
rasff,2025.8456,20251030,"High levels of arsenic and lead in food supplement from Ghana, via the Netherlands",,Ghana,Germany,medicines,alert notification — potentially serious,potentially serious,https://webgate.ec.europa.eu/rasff-window/screen/notification/800061,2025
rasff,2025.8454,20251030,Plomo en aceite de pescado de China. / Lead in fish oil from China,,China,Spain,food_other,information notification for attention — potential risk,potential risk,https://webgate.ec.europa.eu/rasff-window/screen/notification/799080,2025
fda_food,H-0242-2026,20251028,3 B Cookware 4,"India's Fine Foods, Inc.",,United States,other,Potential contamination due to leachable lead.,Class II,,2025
fda_food,H-0244-2026,20251028,3 B Cookware 6,"India's Fine Foods, Inc.",,United States,other,Potential contamination due to leachable lead.,Class II,,2025
fda_food,H-0243-2026,20251028,3 B Cookware 5,"India's Fine Foods, Inc.",,United States,other,Potential contamination due to leachable lead.,Class II,,2025
fda_food,H-0313-2026,20251024,BaiLiFeng Dried Cinnamon Powder; Net Wt 4 oz/114G; Good Way Trading Group Inc 58-51 Maspeth Avenue Maspeth NY 11378; Product of China; Ingredients: Dried Cinnamon; UPC code: 4 897055 79940 1,Good Way Trading Group Inc,,United States,spices,contains high levels of lead (10.7 mg/kg),Class II,,2025
rasff,2025.8147,20251022,High content of heavy metal lead in ginger powder from Germany,,Germany,Croatia,spices,alert notification — serious,serious,https://webgate.ec.europa.eu/rasff-window/screen/notification/797929,2025
rasff,2025.8154,20251022,Lead in deer sausage from Austria,,Austria,Czechia,game_meat,alert notification — serious,serious,https://webgate.ec.europa.eu/rasff-window/screen/notification/797740,2025
fda_food,H-0203-2026,20251017,Cinnamon Powder; 8oz clear plastic container. Distributed by Haitai Inc. UPC: 0 20914 81415 9,"Haitai, Inc.",,United States,spices,Elevated levels of lead in Cinnamon powder.,Class II,,2025
fda_food,H-0351-2026,20251017,"Town Food Service EQ CO Inc. brand Aluminum Sauce Pans in 1QT, 1.5QT, 2 QT, and 3QT sizes; UPC Codes: 843784003559, 843784003566, 843784003573, 843784003580",Town Food Service Equip Co Inc,,United States,other,Product found to contain leachable lead levels.,Class II,,2025
fda_food,H-0208-2026,20251016,"DEVI brand Cinnamon Powder (Dalchini Powder), net wt.: 3.5 oz (100 g), packaged in flexible plastic bag. UPC 6 09595 11904 5. Imported and Distributed by Homeneeds Inc. Bellevue, WA 98007; Product of ",Homeneeds Inc,,United States,spices,Elevated levels of lead. FDA ground cinnamon sample was found to contain 2.92 mg/kg.,Class II,,2025
fda_food,H-0169-2026,20251015,Lucky Foods Cinnamon Powder; 40g,TBC Distribution Corporate,,United States,spices,Products may contain elevated levels of lead.,Class II,,2025
fda_food,H-0172-2026,20251009,"Roshni Cinnamon Powder, 3.5 oz (100g). This product is packaged in clear plastic pouches.",Singh Trading Inc. DBA Roshni Foods,,United States,spices,Product may contain elevated levels of lead and chromium.,Class II,,2025
fda_food,H-0154-2026,20251007,Eagle Spice Ground Ginger 16 oz.,"Eagle Spice and Extract Co., Inc.",,United States,spices,Contains elevated levels of lead (Pb),Class II,,2025
rasff,2025.7587,20251006,"Exceeding the lead migration limit in ceramic plate, mug and bowl set from China / motifprzekroczenie migracji ołowiu w wyrobach przeznaczonych do kontaktu z żywnością",,China,Poland,ceramic_tableware,alert notification — serious,serious,https://webgate.ec.europa.eu/rasff-window/screen/notification/791875,2025
rasff,2025.7562,20251003,wysoka zawartość  ołowiu  w   herbacie  zielonej  matcha/// high lead content in matcha green tea ,,China,Poland,spices,border rejection notification — not serious,not serious,https://webgate.ec.europa.eu/rasff-window/screen/notification/793412,2025
cpsc,26001,20251002,Evermore Surprise Eggs,,China,,other,The toy airplane inside the egg contains levels of lead that exceed the federal lead content ban. Lead is toxic if ingested by young children and can cause adverse health issues.,,https://www.cpsc.gov/Recalls/2026/In-Motion-Design-Recalls-Evermore-Surprise-Eggs-Due-to-Risk-of-Serious-Injury-Violates-Federal-Lead-Content-Ban,2025
fda_food,H-0070-2026,20250926,Wise Wife Ground Cinnamon,"SLR Food Distribution, Inc.",,United States,spices,Contains elevated levels of lead,Class II,,2025
rasff,2025.7362,20250925,Lead in sepiolite,,Belgium,Belgium,animal_feed,information notification for follow-up — potential risk,potential risk,https://webgate.ec.europa.eu/rasff-window/screen/notification/791909,2025
rasff,2025.7286,20250924,Migration of Lead and Cadmium above the maximum acceptable limits in coloured shot-glasses from China ,,China,Cyprus,tableware,alert notification — potential risk,potential risk,https://webgate.ec.europa.eu/rasff-window/screen/notification/791287,2025
fda_food,H-0013-2026,20250923,"El Rojo Pasta De Harina, Wheat Pellets.  Net Wt 8 oz. (225g)  UPC 0 35579-80871 6.  Packaged and distributed by:  El Rojo Wholesale, Maple Grove, MN  55469.",El Rojo Wholesale,,United States,other,"Product is missing the ingredient list (which lead to missing wheat and Yellow No. 6), and a nutritional panel.",Class II,,2025
rasff,2025.7252,20250923,Migration of lead in kitchen strainers from India with destination Belgium,,India,Belgium,tableware,information notification for attention — potentially serious,potentially serious,https://webgate.ec.europa.eu/rasff-window/screen/notification/790320,2025
fda_food,H-0058-2026,20250918,1.	SILVER HORSE - PURE ALUMINIUM MADE IN INDIA  - ALUMINIUM MILK PAN  4 inches  2.	SILVER HORSE - ALUMINIUM MATHAR KADAI - 26 inches,Goyal Group Inc.,,United States,other,Contains elevated levels of lead,Class II,,2025
fda_food,H-0134-2026,20250916,"6+ Months SPROUT ORGANICS Made With Organic Sweet Potato, Apple & Spinach NET WT. 3.5 OZ (99g) INGREDIENTS: ORGANIC SWEET POTATOES, ORGANIC APPLES, ORGANIC SPINACH, WATER, ORGANIC LEMON JUICE. Dist. b",Sprout Organics Inc.,,United States,sweets,Potential contamination with heavy metal (Lead).,Class II,,2025
rasff,2025.6937,20250910,High content of lead in hunter´s sausage from Czech Republic,,Slovakia,Czechia,game_meat,alert notification — serious,serious,https://webgate.ec.europa.eu/rasff-window/screen/notification/788728,2025
fda_food,H-0388-2026,20250909,"Cinnamon, Clear Plastic Container, 100G,  UPC 6251136 034139",EUREKA INC,,United States,spices,Elevated levels of lead.,Class II,,2025
rasff,2025.6920,20250909,"lead and MOAH in spice mix, from China via Hong Kong",,China,Netherlands,spices,alert notification — serious,serious,https://webgate.ec.europa.eu/rasff-window/screen/notification/788489,2025
rasff,2025.6820,20250905,"lead in dried pearl barley, from China",,China,Netherlands,staple_food,alert notification — serious,serious,https://webgate.ec.europa.eu/rasff-window/screen/notification/787814,2025
fda_food,H-0040-2026,20250904,"Pears SLICED in Organic Pear Juice from Concentrate; NET WT 15 OZ (425 g); Ingredients: Organic Pears, Water, Organic Pear Juice Concentrate; Distributed By: Wegmans Food Markets, Inc. Rochester, NY 1",Pacific Coast Producers,,United States,other,Potential contamination with heavy metal (Lead).,Class II,,2025
fda_food,H-0041-2026,20250904,"Pears Halves in Pear Juice from Concentrate; NET WT 15 OZ (425 g); Ingredients: Pears, Water, Pear Juice Concentrate; Distributed By: Walmart Inc., Bentonville, AR 72716",Pacific Coast Producers,,United States,other,Potential contamination with heavy metal (Lead).,Class II,,2025
fda_food,H-0039-2026,20250904,"Halved Pears IN PEAR JUICE FROM CONCNETRATE; NET WT 15 OZ (425 g); Ingredients: Pears, Water, Pear Juice Concentrate; Distributed By: Wegmans Food Markets, Inc. Rochester, NY 14603",Pacific Coast Producers,,United States,other,Potential contamination with heavy metal (Lead).,Class II,,2025
fda_food,H-0038-2026,20250904,"Fruit Cocktail IN 100% JUICE WITH ADDED INGREDIENTS; NET WT 15 OZ (425 g); Ingredients: Diced Peaches, Diced Pears, Water, Grapes, Peach Pulp and Juice, Pineapple Sectors, Pear Juice Concentrate, Halv",Pacific Coast Producers,,United States,other,Potential contamination with heavy metal (Lead).,Class II,,2025
rasff,2025.6776,20250903,Highier content of lead in cocoa powder fron Belarus,,Belarus,Bulgaria,food_other,alert notification — serious,serious,https://webgate.ec.europa.eu/rasff-window/screen/notification/787625,2025
rasff,2025.6519,20250826,Lead migration in coffee machine from Italy,,Italy,Germany,tableware,information notification for follow-up — potentially serious,potentially serious,https://webgate.ec.europa.eu/rasff-window/screen/notification/785453,2025
rasff,2025.6106,20250811,Cadmium and lead levels exceeded in dehydrated ground ginger from China,,China,France,spices,alert notification — potentially serious,potentially serious,https://webgate.ec.europa.eu/rasff-window/screen/notification/782991,2025
rasff,2025.5916,20250804,"Migration of barium, cobalt, lead, manganese and nickel from metal mug form China via the United Kinngdom  // Migración de bario, cobalto, plomo, manganeso y níquel en tazas metálicas procedentes de C",,China,Slovenia,tableware,alert notification — serious,serious,https://webgate.ec.europa.eu/rasff-window/screen/notification/781307,2025
rasff,2025.5827,20250731,Lead and phtalates in pizza box from Türkiye.,,Türkiye,France,tableware,information notification for attention — serious,serious,https://webgate.ec.europa.eu/rasff-window/screen/notification/780532,2025
rasff,2025.5779,20250730,Lead and Phthalate Migration (DBP+DIBIP) from Pizza Boxes/migrazione di piombo e Ftalati (DBP+DIBIP) da scatola per pizza,,Italy,Italy,tableware,alert notification — serious,serious,https://webgate.ec.europa.eu/rasff-window/screen/notification/780269,2025
rasff,2025.5798,20250730,Lead in Asant (devil's dung) with fenugreek from Pakistan,,Pakistan,Germany,spices,information notification for attention — serious,serious,https://webgate.ec.europa.eu/rasff-window/screen/notification/779829,2025
rasff,2025.5533,20250722,Lead release in tableware series from China,,China,Germany,tableware,alert notification — serious,serious,https://webgate.ec.europa.eu/rasff-window/screen/notification/777853,2025
fda_food,H-0387-2025,20250721,"Parashore Pear Slices in Juice, 15 oz. (425 g), UPC#704817164237","W.W. Industrial Group, Inc.",,United States,other,Contaminated with elevated lead and cadmium,Class I,,2025
rasff,2025.5392,20250716,Lead in psyllium husks from India,,India,Germany,food_other,alert notification — serious,serious,https://webgate.ec.europa.eu/rasff-window/screen/notification/772774,2025
cpsc,25382,20250710,SPPTTY Kids 14- and 18-inch Bicycles,,China,,other,"Multiple components of the children's bicycles contain levels of lead that exceed the federal lead content ban, posing a lead poisoning hazard to children. In addition, the black paint on the bicycle pumps contains lead that exceeds the federal lead paint ban. Lead is toxic if ingested by young chil",,https://www.cpsc.gov/Recalls/2025/SPPTTY-Kids-Bicycles-Recalled-Due-to-Risk-of-Death-or-Injury-from-Lead-Poisoning-Violates-Federal-Lead-Content-Ban-Sold-at-Walmart-by-Shenzhen-Yihuachuang-Technology,2025
rasff,2025.5066,20250704,lead and cadmium migration from the decorated glasses from China via Czech Republic,,China,Poland,tableware,alert notification — serious,serious,https://webgate.ec.europa.eu/rasff-window/screen/notification/771769,2025
cpsc,25361,20250626,Boyro Baby Walkers,,China,,toys_children,"The recalled baby walkers violate the federal safety standard for infant walkers because they can fit through a standard doorway and fail to stop at the edge of a step as required, posing a risk of serious injury or death due to a fall hazard. In addition, the baby walkers' brake pads contain levels",,https://www.cpsc.gov/Recalls/2025/Boyro-Baby-Walkers-Recalled-Due-to-Risk-of-Serious-Injury-or-Death-to-Children-from-Fall-Hazard-Violations-of-the-Federal-Standard-for-Infant-Walkers-and-Lead-Content-Ban-Sold-Exclusively-on-Amazon-com,2025
rasff,2025.4439,20250612,Lead and cadmium migration from the rim of a flower-patterned glass from China via Germany,,China,Poland,tableware,alert notification — serious,serious,https://webgate.ec.europa.eu/rasff-window/screen/notification/769575,2025
rasff,2025.4311,20250609,"OŁÓW (4,337 +/-0,867 MG/KG) W CZOSNKU SUSZONYM Z INDII///Lead (4.337 +/-0.867 mg/kg) in dried garlic from India",,India,Poland,spices,border rejection notification — serious,serious,https://webgate.ec.europa.eu/rasff-window/screen/notification/768771,2025
rasff,2025.4081,20250602,"Lead in cinnamon from Vietnam, via the Netherlands",,Vietnam,Germany,spices,alert notification — serious,serious,https://webgate.ec.europa.eu/rasff-window/screen/notification/767191,2025
rasff,2025.4066,20250530,Lead in Psyllium Husk,,India,Ireland,animal_feed,information notification for attention — potential risk,potential risk,https://webgate.ec.europa.eu/rasff-window/screen/notification/767073,2025
cpsc,25307,20250529,"VFAUOSIT Kitchen Faucets, model number 06BNV","Jiang men cai nuo wei yu you xian gong si, of China, doing business as Amazon seller Whisper08",China,,toys_children,"The recalled faucets were tested and found to contain lead that can leach into water at levels that can be particularly harmful to infants and young children. The faucets were also found to leach other contaminants. Lead ingestion can cause harmful neurological effects on infants and young children,",,https://www.cpsc.gov/Recalls/2025/VFAUOSIT-Brand-Kitchen-Faucets-Recalled-Due-to-Dangerous-Lead-Exposure-for-Young-Children-Sold-on-Amazon-com-by-Whisper08,2025
cpsc,25306,20250529,"KICIMPRO Kitchen Faucets, model number KM800-01-06BN","Kaipingshikemuyulinweiyushiyeyouxiangongsi, of China, doing business as Amazon seller Kicimpro",China,,toys_children,"The recalled faucets were tested and found to contain lead that can leach into water at levels that can be particularly harmful to infants and young children. Lead ingestion can cause harmful neurological effects on infants and young children, including attention-related behavioral problems, decreas",,https://www.cpsc.gov/Recalls/2025/KICIMPRO-Brand-Kitchen-Faucets-Recalled-Due-to-Dangerous-Lead-Exposure-for-Young-Children-Sold-on-Amazon-com-by-Kicimpro,2025
cpsc,25305,20250529,"BASDEHEN Kitchen Faucets, model number CFDTTH-000-YGH","Ruianshichenfengwujinzhizaoyouxiangongsi, of China, doing business as Amazon seller Chenfeng Store",China,,toys_children,"The recalled faucets were tested and found to contain lead that can leach into water at levels that can be particularly harmful to infants and young children. The faucets were also found to leach other contaminants. Lead ingestion can cause harmful neurological effects on infants and young children,",,https://www.cpsc.gov/Recalls/2025/BASDEHEN-Brand-Kitchen-Faucets-Recalled-Due-to-Dangerous-Lead-Exposure-for-Young-Children-Sold-on-Amazon-com-by-Chenfeng-Store,2025
rasff,2025.3902,20250526,Increased lead content and unauthorised novel food in food supplements from Germany,,Germany,Germany,medicines,information notification for attention — serious,serious,https://webgate.ec.europa.eu/rasff-window/screen/notification/765406,2025
rasff,2025.3878,20250523,Lead in ground cinnamon of unknown origin,,Vietnam,Germany,spices,alert notification — potentially serious,potentially serious,https://webgate.ec.europa.eu/rasff-window/screen/notification/765579,2025
rasff,2025.3758,20250520,Lead in pasta from Italy,,Italy,Germany,staple_food,alert notification — serious,serious,https://webgate.ec.europa.eu/rasff-window/screen/notification/764805,2025
rasff,2025.3655,20250516,Excessive lead levels detected in feed yeast from Poland,,Poland,Lithuania,animal_feed,alert notification — serious,serious,https://webgate.ec.europa.eu/rasff-window/screen/notification/763685,2025
rasff,2025.3678,20250516,Niveles elevados de plomo en carne de jabalí procedente de España//High levels of lead in wild boar meat from Spain ,,Spain,Spain,game_meat,information notification for attention — serious,serious,https://webgate.ec.europa.eu/rasff-window/screen/notification/763114,2025
rasff,2025.3649,20250515,Lead in ground galangal from Thailand,,Thailand,Netherlands,food_other,alert notification — serious,serious,https://webgate.ec.europa.eu/rasff-window/screen/notification/763708,2025
rasff,2025.3570,20250513,Lead in chillies from Spain,,Spain,Germany,food_other,alert notification — serious,serious,https://webgate.ec.europa.eu/rasff-window/screen/notification/762979,2025
fda_food,H-0005-2025,20250509,"Greenwise Pear Kiwi Spinach & Pea Baby Food Pouch. Net Wt 4 oz. (113g). Stage 2 6 months+, Best if"" date of 11/01/2025. Packed in 14 pouches per case, 4 oz per pouch. Distributed by Publix Super Marke","Publix Super Markets, Inc.",,United States,food_other,"Elevated levels of Lead, cadmium and arsenic",Class II,,2025
rasff,2025.3443,20250508,lead in frozen peppers from China,,China,Belgium,spices,information notification for attention — not serious,not serious,https://webgate.ec.europa.eu/rasff-window/screen/notification/762327,2025
cpsc,25245,20250501,Dlesot Snap Hair Clips,"YuanQuXianXianQiDianZiShangWuYouXianZeRenGongSi, (dba YFLGOTOO), of China",China,,toys_children,"The painted hair clips contain levels of lead that exceed the federal lead paint ban, posing a lead poisoning hazard to children. Lead is toxic if ingested by young children and can cause adverse health issues.",,https://www.cpsc.gov/Recalls/2025/Dlesot-Snap-Childrens-Hair-Clips-Recalled-Due-to-Lead-Poisoning-Hazard-Violation-of-Federal-Ban-for-Lead-in-Paint-Sold-Exclusively-on-Amazon-by-YFLGOTOO,2025
rasff,2025.3190,20250429,Stwierdzenie migracji ołowiu i kadmu z obszaru obrzeża kubka szklanego z dekoracją/// Detection of lead and cadmium migration from the rim area of ​​a printed glass cup ,,Poland,Poland,tableware,information notification for attention — potential risk,potential risk,https://webgate.ec.europa.eu/rasff-window/screen/notification/758528,2025
rasff,2025.3147,20250428,Increased lead content in frozen pheasant breast without skin and bones from the Czech Republic,,Czechia,Germany,game_meat,alert notification — serious,serious,https://webgate.ec.europa.eu/rasff-window/screen/notification/760259,2025
rasff,2025.3160,20250428,przekroczenie ołowiu w połówkach brzoskwiń w lekkim syropie // lead excess in peach halves in light syrup,,Bulgaria,Poland,food_other,information notification for follow-up — potential risk,potential risk,https://webgate.ec.europa.eu/rasff-window/screen/notification/758357,2025
rasff,2025.3124,20250425,detection of arsenic and lead in dried parsley,,Belgium,France,spices,alert notification — serious,serious,https://webgate.ec.europa.eu/rasff-window/screen/notification/760168,2025
rasff,2025.3068,20250424,Detection of lead and arsenic in marjoram leaf origin Belgium,,Belgium,France,spices,alert notification — serious,serious,https://webgate.ec.europa.eu/rasff-window/screen/notification/759581,2025
fda_food,F-0777-2025,20250416,"National brand Kasundi PEELED MANGO PICKLE IN OIL; Net Wt.: 1 Kg (35.27 oz)/ 2.20lb; Ingredients: Kasundi (Peeled Mango), Canola Oil, Cabbage, Salt, Mixed Spices, Vinegar, Sodium Benzoate as preservat",Advance Food International Inc.,,United States,spices,Product contains elevated levels of lead (0.0649 mg/kg),Class II,,2025
rasff,2025.2823,20250415,"lead in cinnamon from the Netherlands, with raw material from Madagascar and from Sri Lanka",,Madagascar,Netherlands,spices,information notification for attention — serious,serious,https://webgate.ec.europa.eu/rasff-window/screen/notification/757025,2025
rasff,2025.2726,20250411,lead poisoning caused by the use of a ceramic carafe,,Greece,France,ceramic_tableware,alert notification — serious,serious,https://webgate.ec.europa.eu/rasff-window/screen/notification/754738,2025
rasff,2025.2618,20250409,lead in sheep livers,,United Kingdom,France,food_other,information notification for attention — serious,serious,https://webgate.ec.europa.eu/rasff-window/screen/notification/756947,2025
rasff,2025.2646,20250409,High levels of lead and arsenic in food supplements from the Netherlands,,Netherlands,Germany,medicines,alert notification — potentially serious,potentially serious,https://webgate.ec.europa.eu/rasff-window/screen/notification/756851,2025
rasff,2025.2578,20250407,Exceedance of lead in feed material from Germany,,Germany,Netherlands,animal_feed,alert notification — serious,serious,https://webgate.ec.europa.eu/rasff-window/screen/notification/754919,2025
rasff,2025.2296,20250328,High lead content in fish oil,,United Kingdom,France,food_other,information notification for follow-up — not serious,not serious,https://webgate.ec.europa.eu/rasff-window/screen/notification/754119,2025
rasff,2025.2200,20250325,Lead and mercury in ground cinnamon from Vietnam,,Vietnam,Germany,spices,information notification for attention — serious,serious,https://webgate.ec.europa.eu/rasff-window/screen/notification/753338,2025
fda_food,F-0693-2025,20250312,"Good & Gather baby Pea, Zucchini, Kale & Thyme Vegetable Puree.  Net Wt 4 oz. (113g).  6+ months.  UPC 1 91907-99314 1.  Distributed by Target Corporation, Minneapolis, MN  55403.  Product of Colombia",FRUSELVA USA,,United States,food_other,elevated level of lead,Class II,,2025
rasff,2025.1767,20250312,High lead content in fish from Norway,,Norway,France,food_other,information notification for attention — serious,serious,https://webgate.ec.europa.eu/rasff-window/screen/notification/750317,2025
fda_food,F-0724-2025,20250310,Zaarah Herbals brand Rasayan Churan; packaged in 100g clear jars with gold lids; UPC:6 35028 99966 3,NEW YORK WHOLESALE GROUP,,United States,medicines,Products contain elevated levels of Lead (Pb): 88.038  ppm,Class I,,2025
fda_food,F-0722-2025,20250310,Zaarah Herbals brand Gurmar Powder; packaged in 100g clear jars with gold lids; UPC: 6 35028 99969 4,NEW YORK WHOLESALE GROUP,,United States,medicines,Products contain elevated levels of Lead (Pb): 3.688 ppm,Class I,,2025
fda_food,F-0721-2025,20250310,Zaarah Herbals brand Bhringraj Powder; packaged in 100g clear jars with gold lids; UPC: 6 35028 99973 1,NEW YORK WHOLESALE GROUP,,United States,medicines,Products contain elevated levels of Lead (Pb): 3.231 ppm and Arsenic (As): 0.958 ppm;,Class I,,2025
fda_food,F-0723-2025,20250310,Zaarah Herbals brand Vasaka Powder; packaged in 100g clear jars with gold lids; UPC: 6 35028 99967 0,NEW YORK WHOLESALE GROUP,,United States,medicines,Products contain elevated levels of Lead (Pb): 6.504 ppm,Class I,,2025
cpsc,25139,20250220,Rebecca's Toys & Prizes Bowling Pin Sipper Cups,,China,,toys_children,The red tape on the bowling pin sipper cups contains levels of lead that exceed the federal lead content ban. Lead is toxic if ingested by young children and can cause adverse health issues.,,https://www.cpsc.gov/Recalls/2025/Nazzaro-Recalls-Children-Bowling-Pin-Sipper-Cups-Due-to-Risk-of-Lead-Poisoning-Violation-of-Federal-Lead-Content-Ban,2025
rasff,2025.1030,20250213,"Lead in canned pineapples from Vietnam, via the Netherlands",,Vietnam,Germany,food_other,alert notification — serious,serious,https://webgate.ec.europa.eu/rasff-window/screen/notification/744488,2025
rasff,2025.0961,20250211,lead in oat flour,,France,Belgium,staple_food,information notification for follow-up — potentially serious,potentially serious,https://webgate.ec.europa.eu/rasff-window/screen/notification/743693,2025
rasff,2025.0707,20250203,High lead content in sheep liver,,United Kingdom,France,food_other,information notification for follow-up — potential risk,potential risk,https://webgate.ec.europa.eu/rasff-window/screen/notification/741936,2025
rasff,2025.0678,20250131,Cadmium and lead in organic oats from Poland,,Poland,Germany,staple_food,alert notification — potentially serious,potentially serious,https://webgate.ec.europa.eu/rasff-window/screen/notification/741769,2025
rasff,2025.0557,20250128,Lead detected in sheep liver from the UK   ,,United Kingdom,France,food_other,information notification for attention — serious,serious,https://webgate.ec.europa.eu/rasff-window/screen/notification/740076,2025
fda_food,F-0640-2025,20250128,"Madras Curry Powder sold in 3 different package sizes. Recall has been expanded to include ALL LOTS.  CA RI NI AN DO ""KIM TU THAP"", NET WT./ Poids NET  (4oz.) 114 grams glass jar UPC# 39606001562 (4oz",Trong Food International,,United States,spices,Elevated levels of lead 5.48mg/kg and 2.59mg/kg in (2) lots of Madras Curry Powder.,Class II,,2025
fda_food,F-0567-2025,20250127,ZAARAH HERBALS brand SHATAVARI POWDER; 100% ASPARAGUS RACEMOSUS; (Supports Female Reproductive System); Supreme Fine Powder 100g (3.5 oz); Manufactured by FALCON SYSTEM OF AYUREVEDIC PRODUCTS Auto Nag,NEW YORK WHOLESALE GROUP,,United States,medicines,Product contains elevated levels of lead - 6.50 mg/kg (ppm),Class I,,2025
rasff,2025.0334,20250117,Aluminium and lead in food supplement from Austria,,Austria,Germany,medicines,alert notification — serious,serious,https://webgate.ec.europa.eu/rasff-window/screen/notification/738753,2025
cpsc,25082,20250102,Yaomiao Children's Jewelry Sets,,China,,toys_children,The recalled jewelry sets contain levels of lead that exceed the federal lead content ban and levels of cadmium that are prohibited in children's products by the Federal Hazardous Substances Act. Lead and cadmium are toxic if ingested by young children and can cause adverse health effects.,,https://www.cpsc.gov/Recalls/2025/Yaomiao-Childrens-Jewelry-Sets-Recalled-Due-to-Risk-of-Lead-and-Cadmium-Poisoning-Violations-of-the-Federal-Lead-Content-Ban-and-Federal-Hazardous-Substances-Act-Sold-Exclusively-on-Amazon-by-LordRoads,2025
rasff,2024.9646,20241231,Lead in sheep liver from the United Kingdom,,United Kingdom,France,food_other,information notification for attention — not serious,not serious,https://webgate.ec.europa.eu/rasff-window/screen/notification/735529,2024
rasff,2024.9559,20241224,Lead above legal limits in biscuits for infants,,Italy,Italy,staple_food,information notification for attention — serious,serious,https://webgate.ec.europa.eu/rasff-window/screen/notification/734239,2024
rasff,2024.9210,20241213,Lead and phtalates in pizza boxes from Türkiye,,Türkiye,France,tableware,information notification for attention — serious,serious,https://webgate.ec.europa.eu/rasff-window/screen/notification/732105,2024
rasff,2024.9200,20241212,"Migration of lead, phtalates and photoiniators in pizza boxes from Egypt",,Egypt,France,tableware,information notification for attention — serious,serious,https://webgate.ec.europa.eu/rasff-window/screen/notification/731401,2024
fda_food,F-0397-2025,20241210,"Yu Yee, Five Spice Powder,1.76oz",Summit Import Corporation,,United States,spices,Product tested and found high levels of lead.,Class II,,2024
rasff,2024.9059,20241209, Exceedances of cadmium and lead in beef kidneys,,United Kingdom,France,food_other,alert notification — serious,serious,https://webgate.ec.europa.eu/rasff-window/screen/notification/730802,2024
rasff,2024.8555,20241120,Lead in frozen spices from thailand,,Thailand,Belgium,spices,alert notification — serious,serious,https://webgate.ec.europa.eu/rasff-window/screen/notification/725921,2024
rasff,2024.8514,20241119,"stwierdzenie zawartości ołowiu na poziomie 0,062 mg/kg w środku spożywczym specjalnego przeznaczenia medycznego  kraj pochodzenia: Niemcy.///determination of lead content of 0.062 mg/kg in food for sp",,Germany,Poland,medicines,information notification for follow-up — potential risk,potential risk,https://webgate.ec.europa.eu/rasff-window/screen/notification/724198,2024
rasff,2024.8502,20241118,Lead in cereal based babyfood from Germany,,Germany,Netherlands,staple_food,alert notification — serious,serious,https://webgate.ec.europa.eu/rasff-window/screen/notification/725473,2024
rasff,2024.8386,20241113,exceeding the ML for lead in beef from Poland,,Poland,Poland,food_other,information notification for attention — potentially serious,potentially serious,https://webgate.ec.europa.eu/rasff-window/screen/notification/725107,2024
rasff,2024.8204,20241106,lead above limits in bovine muscle,,Brazil,Italy,food_other,information notification for attention — serious,serious,https://webgate.ec.europa.eu/rasff-window/screen/notification/723303,2024
fda_food,F-0267-2025,20241101,"""***SUPER***BRAND***DRIED CINNAMON POWDER***Net Wt: 4oz(113g)***PRODUCT OF CHINA***DISTRIBUTOR: IHA BEVERAGE COMMERCE, CA, 90040***""UPC#610232012476",Kim-Seng Company,,United States,spices,Elevated lead > 2ppm,Class II,,2024
rasff,2024.8036,20241030,Phtalates and lead in pizza box from Italy,,Italy,France,tableware,alert notification — serious,serious,https://webgate.ec.europa.eu/rasff-window/screen/notification/722240,2024
fda_food,H-0671-2026,20241017,"Spice Powder, 4 oz, Plastic Bag",Summit Import Corporation,,United States,spices,Lead level was higher than NYSAGM Standard.,Class II,,2024
rasff,2024.7157,20240927,Exceeding the maximum allowed level of lead in ground cinnamon///Depasire nivel maxim admis de plumb in scortisoara macinata,,Vietnam,Romania,spices,information notification for attention — potentially serious,potentially serious,https://webgate.ec.europa.eu/rasff-window/screen/notification/713720,2024
rasff,2024.7182,20240927,Exceeding the maximum allowed level of lead in ground cinnamon///Depasire nivel maxim admis de plumb in scortisoara macinata,,Vietnam,Romania,spices,alert notification — serious,serious,https://webgate.ec.europa.eu/rasff-window/screen/notification/713616,2024
rasff,2024.7178,20240927,Migration of lead and aluminum from a cooking pot from Afghanistan,,Afghanistan,Germany,tableware,information notification for follow-up — potential risk,potential risk,https://webgate.ec.europa.eu/rasff-window/screen/notification/713592,2024
rasff,2024.7098,20240925,"Lead in green lentils from Turkiye, via Germany and via The Netherlands",,Türkiye,Slovenia,other,alert notification — serious,serious,https://webgate.ec.europa.eu/rasff-window/screen/notification/713270,2024
cpsc,24366,20240919,Newmemo Children's Ring Sets,,China,,toys_children,The rings contain levels of lead that exceed the federal lead content ban and levels of cadmium that are prohibited in children's products by the Federal Hazardous Substances Act. Lead and cadmium are toxic if ingested by young children and can cause adverse health effects.,,https://www.cpsc.gov/Recalls/2024/Childrens-Jewelry-Sets-Recalled-Due-to-Risk-of-Lead-and-Cadmium-Poisoning-Violations-of-the-Federal-Lead-Content-Ban-and-Federal-Hazardous-Substances-Act-Sold-Exclusively-on-Amazon-com-by-Newmemo,2024
rasff,2024.6875,20240913,High content of lead and cadmium in FCM,,Serbia,Croatia,other,border rejection notification — potential risk,potential risk,https://webgate.ec.europa.eu/rasff-window/screen/notification/710810,2024
cpsc,24357,20240912,Stanley Jr. Kids Wheelbarrow and 7-piece Garden Sets,,China,,paint,"The painted long hoe and rake of the recalled garden set contain levels of lead that exceed the federal lead paint ban, posing a lead poisoning hazard to children. Lead is toxic if ingested by young children and can cause adverse health issues.",,https://www.cpsc.gov/Recalls/2024/Red-Toolbox-Recalls-Stanley-Branded-Jr-Kids-Garden-Sets-Due-to-Lead-Poisoning-Hazard-Violation-of-Federal-Ban-for-Lead-in-Paint-Sold-Exclusively-by-Costco-Wholesale,2024
rasff,2024.6766,20240909,Lead and cobalt in ceramic plate from China,,China,France,ceramic_tableware,information notification for attention — serious,serious,https://webgate.ec.europa.eu/rasff-window/screen/notification/710022,2024
rasff,2024.6737,20240906,Increased lead release in porcelain bowls for children from China,,China,Germany,ceramic_tableware,alert notification — serious,serious,https://webgate.ec.europa.eu/rasff-window/screen/notification/709847,2024
fda_food,F-1796-2024,20240829,"Asli Cinnamon Powder, 7oz clear plastic pouch, UPC 703440150723",Sands Impex Inc. Dba Asli Fine Foods,,United States,spices,Lead contamination,Class II,,2024
rasff,2024.6540,20240829,Depasire nivel maxim admis de plumb in scortisoara macinata///Exceeding the maximum allowed level of lead in ground cinnamon,,Vietnam,Romania,spices,alert notification — potentially serious,potentially serious,https://webgate.ec.europa.eu/rasff-window/screen/notification/708141,2024
fda_food,F-1807-2024,20240822,"American Outdoor Products - Astronaut Strawberries, packaged in 0.5oz (14g) metallic plastic pouches. Sold individually or in 6, 12, 40, or 160 count cases. One unit is also included in the Outerspace","American Outdoor Products, Inc.",,United States,other,Elevated levels of lead,Class II,,2024
fda_food,F-0004-2025,20240821,Heart of the Earth (HOTE) 100% Pure Ceremonial Cacao Pre-Ground Paste. Net Wt. 16oz (454g). Packaged in Kraft paper heat sealed stand-up pouch bags with inner plastic liner with SKU PC-GRUCCP-1LB.  Pr,Inner Waymark LLC,,United States,sweets,Elevated lead level 0.671 ppm in cacao (chocolate),Class II,,2024
fda_food,F-1754-2024,20240816,El Servidor Corp Ground Cinnamon Net Wt. 1.5 oz. UPC: 745245113244. Packaged in clear plastic bag. 12 bags per case. Gutierrez Distributor Canela Molida Ground Cinnamon  1.5 oz. UPC: 852705000164 Pack,"Gutierrez Distributors, LLC",,United States,spices,Elevated lead levels in cinnamon,Class II,,2024
rasff,2024.6176,20240812,"Lead, phtalates and photoiniators in pizza boxes from Türkiye",,Türkiye,France,tableware,information notification for attention — serious,serious,https://webgate.ec.europa.eu/rasff-window/screen/notification/704843,2024
rasff,2024.5905,20240801,Elevated lead level in green lentils from Poland,,Poland,Croatia,other,alert notification — serious,serious,https://webgate.ec.europa.eu/rasff-window/screen/notification/702761,2024
rasff,2024.5835,20240730,lead in pineapple in pieces in a can from Thailand ,,Thailand,Germany,food_other,information notification for attention — serious,serious,https://webgate.ec.europa.eu/rasff-window/screen/notification/701754,2024
fda_food,F-1753-2024,20240730,Ground cinnamon.   Supreme Tradition brand ground cinnamon packaged in 2.25 oz clear plastics jars with black lids.  UPC: 639277656377 Marcum brand ground cinnamon packaged in 1.5 oz clear plastic jar,Colonna Brothers Inc.,,United States,spices,Elevated lead levels in cinnamon,Class II,,2024
fda_food,F-1743-2024,20240729,"El Chilar, Canela Molida, Ground Cinnamon NET WT. 1.25 Oz (35g) , Spices Herbs, BOPP Bag, 12 units per cases","EL Chilar-HF, LLC",,United States,spices,Due to elevated levels of lead. Sample collected by Maryland Department Of Health (MDDH) tested positive for high levels of lead in ground cinnamon.,Class II,,2024
fda_food,F-1779-2024,20240729,"Scortisoara macinata/ Ground cinnamon, 15 g, Paper cartons, 20 pieces per paper carton","MAMTAKIM, Inc.",,United States,spices,"MAMTAKIM Inc.,888 Magnolia Ave, Elizabeth NJ 07201 is initiating a recall of  Scortisoara macinata/ Ground cinnamon, 15 g, Paper cartons, 20 pieces per paper carton, Code: 10C035 because the ground cinnamon product contain elevated levels of lead .",Class II,,2024
fda_food,F-1757-2024,20240725,"ALB Flavor brand CINNAMON Powder; 100 g; ALB-USA Enterprises Inc 529 Bryant Av, Bronx, NY 10474; UPC 5 304000 333362; packaged in a plastic bag inside a brown carton box with an image of cinnamon powd",Alb-USA Enterprises Inc,,United States,spices,Product contains elevated levels of lead (3.294ppm),Class II,,2024
rasff,2024.5456,20240716,"stwierdzenie przekroczenia NDP ołowiu (na poziomie 0,20±0,05 mg/kg) w kolbie kukurydzy pochodzącej z Hiszpanii/// Exceeding the MRL for lead (at the level of 0.20±0.05 mg/kg) in corn cobs from Spain",,Spain,Poland,food_other,information notification for attention — potentially serious,potentially serious,https://webgate.ec.europa.eu/rasff-window/screen/notification/698717,2024
rasff,2024.5254,20240709,Lead-permeability of handmade ceramic graters from Spain,,Spain,Germany,ceramic_tableware,alert notification — potentially serious,potentially serious,https://webgate.ec.europa.eu/rasff-window/screen/notification/696003,2024
rasff,2024.5224,20240708,"Migration of lead, cadmium and cobalt from drinking rim of shot glass from China",,China,Germany,tableware,alert notification — potentially serious,potentially serious,https://webgate.ec.europa.eu/rasff-window/screen/notification/685375,2024
rasff,2024.5189,20240705,"migracja ołowiu (Pb) oraz migracja kadmu (Cd) z kubków szklanych termicznych, kraj pochodzenia Chiny  /// lead (Pb) migration and cadmium (Cd) migration from thermal glass mugs, from China",,China,Poland,tableware,alert notification — serious,serious,https://webgate.ec.europa.eu/rasff-window/screen/notification/692787,2024
rasff,2024.5066,20240702,Vino spumante contenete piombo oltre il limite consentito /  lead beyond the permitted limit in sparkling wine from Italy,,Italy,Italy,other,alert notification — serious,serious,https://webgate.ec.europa.eu/rasff-window/screen/notification/695411,2024
fda_food,F-1516-2024,20240628,UPC 772665860106. PLT010. Indigenous Collection Signature Plates set - Dancing Bears & Three Bears on box and back of plate. Art by Dawn Oman. Brand Indigenous Collection by CAP on box and back of pla,Canadian Art Prints,,Canada,other,Glazed ceramic plates are recalled because they may exceed FDA guidance levels for leachable lead (3.0mg/L).,Class II,,2024
fda_food,F-1515-2024,20240628,"UPC Code 772665860083, Stock code PLT008, Indigenous Collection Signature Plates set - Not Forgotten & Ancient Messages. Artist Maxine Noel on box and back of plates. Brand Indigenous Collection by CA",Canadian Art Prints,,Canada,other,Glazed ceramic plates are recalled because they may exceed FDA guidance levels for leachable lead (3.0mg/L).,Class II,,2024
rasff,2024.4630,20240617,lead in sheep offal (Ovis aries) from the United Kingdom ,,United Kingdom,France,food_other,alert notification — serious,serious,https://webgate.ec.europa.eu/rasff-window/screen/notification/691735,2024
rasff,2024.4515,20240612,Lead in Kumquats from South Africa,,South Africa,Netherlands,food_other,information notification for attention — serious,serious,https://webgate.ec.europa.eu/rasff-window/screen/notification/690442,2024
rasff,2024.4415,20240607,Recall of Unsweetened Soya Drink due to a packaging issue which may lead to spoilage,,Italy,Ireland,tableware,information notification for follow-up — potential risk,potential risk,https://webgate.ec.europa.eu/rasff-window/screen/notification/689536,2024
rasff,2024.3843,20240604,"Release of lead from granite ice cubes of unknown origin, via Austria",,,Germany,other,information notification for attention — potential risk,potential risk,https://webgate.ec.europa.eu/rasff-window/screen/notification/685083,2024
rasff,2024.4261,20240603,"Przekroczenie NDP ołowiu (0,82±0,16 mg/kg) w herbatce ziołowo-owocowej // Exceeding the MRL for lead (0.82±0.16 mg/kg) in herbal and fruit tea",,Poland,Poland,spices,information notification for attention — not serious,not serious,https://webgate.ec.europa.eu/rasff-window/screen/notification/684916,2024
fda_food,F-1745-2024,20240528,Spice Class brand Ground Cinnamon packed in 7oz and 11oz PET jars,American Spice LLC,,United States,spices,"Product contains elevated levels of lead (2,040ppb).",Class II,,2024
rasff,2024.4040,20240524,Migration of lead from the lip rim of ceramic mug from China.,,China,Finland,ceramic_tableware,border rejection notification — serious,serious,https://webgate.ec.europa.eu/rasff-window/screen/notification/686110,2024
rasff,2024.3984,20240522,contamination in lead and linuron in Livèche ,,Poland,France,spices,alert notification — serious,serious,https://webgate.ec.europa.eu/rasff-window/screen/notification/686425,2024
fda_food,F-1742-2024,20240521,Shahzada brand Pulses and Spices; Cinnamon Powder; 7 oz (200g); packaged in clear plastic zip-top bags,Advance Food International Inc.,,United States,spices,"Product contains elevated levels of lead (2,030 ppb)",Class II,,2024
rasff,2024.3877,20240517,Migration of lead from drinking rim of children´s enamel mug from China via UK,,China,Finland,tableware,border rejection notification — serious,serious,https://webgate.ec.europa.eu/rasff-window/screen/notification/685241,2024
rasff,2024.3766,20240513,High lead content in deer sausage from Austria,,Austria,Czechia,game_meat,information notification for attention — serious,serious,https://webgate.ec.europa.eu/rasff-window/screen/notification/684457,2024
cpsc,24221,20240502,Creativity Street Foam Pattern Rollers,,China,,other,The recalled foam pattern rollers are intended for children and contain levels of lead that exceed the federal lead content ban in the rollers' handles. Lead is toxic if ingested by young children and can cause adverse health effects.,,https://www.cpsc.gov/Recalls/2024/Dixon-Ticonderoga-Recalls-Creativity-Street-Foam-Pattern-Rollers-Due-to-Violation-of-Federal-Lead-Content-Ban,2024
rasff,2024.3200,20240422,Excessive lead content in fodder yeast from Russia,,Russia,Lithuania,animal_feed,information notification for attention — potential risk,potential risk,https://webgate.ec.europa.eu/rasff-window/screen/notification/679982,2024
rasff,2024.3175,20240419,Migration of lead from drinking rim of children´s enamel mug from Serbia via Croatia.,,Serbia,Finland,tableware,information notification for follow-up — potential risk,potential risk,https://webgate.ec.europa.eu/rasff-window/screen/notification/673313,2024
fda_food,F-1641-2024,20240418,"1- Name: Carbon Steel Utility Kitchen Knife Model: CSK1700       Size: Total length: 10.25""         Type of packaging: Each knife packed in a single box        2- Name: Carbon Steel Utility Kitchen Cl",Black Forge Knives,,Pakistan,other,Products contain elevated levels of lead.,Class II,,2024
rasff,2024.3108,20240417,"Lead in smilacis glabrae rhizoma (China root), from China",,China,Netherlands,food_other,alert notification — serious,serious,https://webgate.ec.europa.eu/rasff-window/screen/notification/678121,2024
rasff,2024.2558,20240402,Non-compliant levels of lead in sheep livers,,United Kingdom,France,food_other,information notification for attention — potentially serious,potentially serious,https://webgate.ec.europa.eu/rasff-window/screen/notification/674656,2024
rasff,2024.2449,20240328,Non-compliant levels of lead in sheep livers ,,United Kingdom,France,food_other,information notification for attention — not serious,not serious,https://webgate.ec.europa.eu/rasff-window/screen/notification/673551,2024
rasff,2024.2407,20240327,Non- compliant levels of lead in sheep liver from UK,,United Kingdom,France,food_other,information notification for attention — potentially serious,potentially serious,https://webgate.ec.europa.eu/rasff-window/screen/notification/673449,2024
rasff,2024.1538,20240315,lead in ovine liver from United Kingdom,,United Kingdom,France,food_other,information notification for attention — not serious,not serious,https://webgate.ec.europa.eu/rasff-window/screen/notification/667827,2024
rasff,2024.1932,20240314,Lead in salami from Italy,,Italy,Austria,food_other,information notification for attention — potentially serious,potentially serious,https://webgate.ec.europa.eu/rasff-window/screen/notification/670445,2024
fda_food,F-1122-2024,20240312,"Tasty-Sawa Cinnamon Ground, Net Wt. 55.11 lbs, paper bag (bulk), Country of Origin Vietnam",Spices USA Inc.,,United States,spices,Due to elevated levels of lead in ground cinnamon,Class II,,2024
fda_food,F-1175-2024,20240311,"Tranquility & Teachings William Monague plate set, brand Indigenous Collection by CAP. Each box consists of two plates, each plate is 7.5inch. Stock code PLT015, UPC 772665860151.  Tranquility plate #",Canadian Art Prints,,Canada,other,Product has been recalled because it may exceed FDA guidance levels for leachable lead.,Class II,,2024
fda_food,F-1154-2024,20240308,"MK Cinnamon Powder, 45g, plastic bottle",Mak Trading Co. Ltd.,,United States,spices,Elevated levels of lead found in product,Class II,,2024
fda_food,F-1126-2024,20240307,"SWAD BRAND CINNAMON POWDER in clear plastic 3.5 OZ bags, UPC 0-51179-34280-4, 20 retail units per wholesale case",RAJA FOODS LLC,,United States,spices,Product tested positive for lead,Class II,,2024
cpsc,24151,20240307,Bracelet sold with Skechers Watch and Jewelry Gift Sets,"Fossil Group Inc., of Richardson, Texas",China,,jewelry,The clasp on the braided black bracelet sold as part of the gift set contains high levels of lead and cadmium. Lead and cadmium are toxic and can cause adverse health effects in children.,,https://www.cpsc.gov/Recalls/2024/Fossil-Group-Recalls-Bracelet-Sold-with-Skechers-Jewelry-Gift-Sets-Due-to-High-Levels-of-Lead-and-Cadmium,2024
fda_food,F-1260-2024,20240306,Supreme Tradition brand and Marcum brand ground cinnamon. Packaged in 1.5 oz and 2.25 oz clear plastics jars,Colonna Brothers Inc.,,United States,spices,Elevated lead levels in cinnamon,Class II,,2024
rasff,2024.1555,20240305,"Lead, phtalates, photoinitiators and BPA in pizza box from Turkey",,Türkiye,France,tableware,information notification for attention — serious,serious,https://webgate.ec.europa.eu/rasff-window/screen/notification/667659,2024
fda_food,F-1093-2024,20240304,"La Fiesta, Canela Molida, Cinnamon Ground, 0.87oz (24.8g), UPC #032327000449, packed in cello bags",la fiesta food products,,United States,spices,Elevated levels of lead found in product,Class II,,2024
fda_food,F-1092-2024,20240304,"El Chilar, Canela Molida,  Ground Cinnamon  NET WT. 1.25 Oz (35g) , BOPP Bag, 12 units per cases","EL Chilar-HF, LLC",,United States,spices,Due to elevated levels of lead.,Class II,,2024
cpsc,24141,20240229,Sandford Family 6-Player Croquet Sets,"Garden Games Ltd, of United Kingdom",India,,paint,"The paint or surface coating on the red mallet, blue mallet, red hoop, and winning post contain levels of lead that exceed the federal lead paint ban, posing a lead poisoning hazard. In addition, the coating on the red and blue mallets contains levels of regulated phthalates that exceed the prohibit",,https://www.cpsc.gov/Recalls/2024/Sandford-Family-Croquet-Sets-Recalled-Due-to-Violations-of-the-Federal-Lead-Paint-and-Phthalates-Bans-Sold-Exclusively-on-Amazon-by-DOM-Sports,2024
rasff,2024.1401,20240227,Plomb and phtaltes in pizza boxes from Italia,,Italy,France,tableware,alert notification — serious,serious,https://webgate.ec.europa.eu/rasff-window/screen/notification/666455,2024
rasff,2024.1377,20240227,Lead and phtalates in pizza boxes from Italia,,Italy,France,tableware,alert notification — serious,serious,https://webgate.ec.europa.eu/rasff-window/screen/notification/666434,2024
rasff,2024.1172,20240220,"Lead, phtalates and photoiniators in pizza boxes from Spain",,Spain,France,tableware,alert notification — serious,serious,https://webgate.ec.europa.eu/rasff-window/screen/notification/664751,2024
rasff,2024.1178,20240220,Lead in deer salami from Italy,,Italy,Austria,game_meat,alert notification — serious,serious,https://webgate.ec.europa.eu/rasff-window/screen/notification/664742,2024
fda_food,F-1121-2024,20240215,"Nicomex Tequesquite, Net Wt. 1.5oz (42.52gms), UPC: 8 8467810180 7. Packaged in a plastic bag.",Nicomex Inc.,,United States,other,Elevated lead levels,Class III,,2024
rasff,2024.0744,20240202,"Lead and mercury in ground cinnamon cassia, from Vietnam",,Vietnam,Netherlands,spices,alert notification — potentially serious,potentially serious,https://webgate.ec.europa.eu/rasff-window/screen/notification/660569,2024
cpsc,24093,20240125,Yaomiao Children's Rhinestone Silver Tiaras,,China,,toys_children,The rhinestones embedded in the recalled tiaras contain levels of lead that exceed the federal lead content ban. Lead is toxic if ingested by young children and can cause adverse health effects.,,https://www.cpsc.gov/Recalls/2024/Yaomiao-Childrens-Rhinestone-Silver-Tiaras-Recalled-Due-to-Violation-of-Federal-Lead-Content-Ban-Sold-Exclusively-on-Amazon-com-by-LordRoadS,2024
rasff,2024.0434,20240119,Lead and phtalates in pizza box from Turkey,,Türkiye,France,tableware,information notification for attention — serious,serious,https://webgate.ec.europa.eu/rasff-window/screen/notification/658602,2024
rasff,2024.0170,20240109,"Lead, phtalates and photoiniators in pizza boxes from Türkiye ",,Türkiye,France,tableware,information notification for attention — serious,serious,https://webgate.ec.europa.eu/rasff-window/screen/notification/656102,2024
rasff,2023.8926,20231227,Lead in sheep liver,,United Kingdom,France,food_other,information notification for attention — potentially serious,potentially serious,https://webgate.ec.europa.eu/rasff-window/screen/notification/654095,2023
cpsc,24737,20231221,"Litti City Premier Doctor Playset and Teacher Purse Set, Litti Pritti Stylist Handbag Set, and Prextex Slime Eggs",,China,,other,"All the dress-up playsets and the slime eggs contain levels of certain phthalates that exceed the federal phthalate standard. In addition, the Litti City teacher purse dress-up playset, the Litti Pritti handbag playset, and the slime eggs contain levels of lead that exceed the federal lead content b",,https://www.cpsc.gov/Recalls/2024/Litti-City-and-Litti-Pritti-Dress-up-Playsets-and-Prextex-Slime-Eggs-Recalled-Due-to-Violations-of-Federal-Phthalates-and-Lead-Content-Bans-Imported-by-Perch-Amusty-and-Bingo-Deals-Recall-Alert,2023
rasff,2023.8661,20231214,Excessive lead content in ground cloves from Italy ,,Madagascar,Germany,spices,alert notification — serious,serious,https://webgate.ec.europa.eu/rasff-window/screen/notification/651861,2023
rasff,2023.8554,20231212,migration of lead from bamboo dinnerware set from China,,China,France,tableware,information notification for attention — serious,serious,https://webgate.ec.europa.eu/rasff-window/screen/notification/651224,2023
rasff,2023.8525,20231212, non-compliant levels of lead in sheep livers,,United Kingdom,France,food_other,information notification for attention — potentially serious,potentially serious,https://webgate.ec.europa.eu/rasff-window/screen/notification/650854,2023
rasff,2023.8453,20231207,Migration of lead in Red plastic cups from Turkey,,Türkiye,Italy,tableware,information notification for attention — potentially serious,potentially serious,https://webgate.ec.europa.eu/rasff-window/screen/notification/649598,2023
rasff,2023.8381,20231206,Cadmium and lead in sheep liver,,United Kingdom,France,food_other,information notification for attention — potential risk,potential risk,https://webgate.ec.europa.eu/rasff-window/screen/notification/649750,2023
rasff,2023.8361,20231205,High content of lead in wild boar meat /Alto contenido de plomo en carne de jabalí de España,,Spain,Italy,game_meat,information notification for follow-up — potentially serious,potentially serious,https://webgate.ec.europa.eu/rasff-window/screen/notification/649614,2023
cpsc,24724,20231130,Tiblue 8 oz and 12 oz children's cups,,China,,toys_children,"The bottom exterior of the stainless-steel cups contains an accessible solder bead with levels of lead that exceed the federal lead content ban. Lead is toxic if ingested by young children and can cause adverse health effects. In addition, the lid can crack and break during use producing sharp edges",,https://www.cpsc.gov/Recalls/2024/Tiblue-Stainless-Steel-Childrens-Cups-Recalled-Due-to-Violation-of-Federal-Lead-Content-Ban-Sold-Exclusively-on-Amazon-com-by-FENGM-Recall-Alert,2023
cpsc,24725,20231130,Klickpick Home Children's Cup Sets,,China,,toys_children,"The bottom exterior of the stainless-steel cups contains an accessible solder bead with levels of lead that exceed the federal lead content ban. Lead is toxic if ingested by young children and can cause adverse health effects. In addition, the lid can crack and break during use producing sharp edges",,https://www.cpsc.gov/Recalls/2024/Klickpick-Home-Recalls-Stainless-Steel-Childrens-Cup-Sets-Due-to-Violation-of-Federal-Lead-Content-Ban-Sold-Exclusively-at-Amazon-com-Recall-Alert,2023
rasff,2023.8141,20231124,"Mercury and lead in food supplements, from India",,India,Netherlands,medicines,alert notification — serious,serious,https://webgate.ec.europa.eu/rasff-window/screen/notification/642110,2023
cpsc,24716,20231122,"PandaEar Stainless Steel Toddler Cups, 8 oz.",,China,,toys_children,"The bottom exterior of the recalled stainless-steel cups contains an accessible solder bead with levels of lead that exceed the federal lead content ban. Lead is toxic if ingested by young children and can cause adverse health effects. In addition, the lid can crack and break during use producing sh",,https://www.cpsc.gov/Recalls/2024/PandaEar-Recalls-Stainless-Steel-Childrens-Cups-Due-to-Violation-of-Federal-Lead-Content-Ban-Sold-Exclusively-on-Amazon-com-Recall-Alert,2023
cpsc,24714,20231116,LAOION Children's Cups,,China,,toys_children,"The bottom exterior of the stainless-steel cups contains an accessible solder bead with levels of lead that exceed the federal lead content ban. Lead is toxic if ingested by young children and can cause adverse health effects. In addition, the lid can crack and break during use producing sharp edges",,https://www.cpsc.gov/Recalls/2024/Stainless-Steel-Childrens-Cups-Recalled-Due-to-Violation-of-Federal-Lead-Content-Ban-Sold-Exclusively-at-Amazon-com-by-LAOION-Recall-Alert,2023
rasff,2023.7698,20231108,High content of lead,,Spain,Portugal,food_other,alert notification — serious,serious,https://webgate.ec.europa.eu/rasff-window/screen/notification/643530,2023
rasff,2023.7594,20231106,Increased levels of lead and hydrocyanic acid in cassava flour from Cameroon,,Cameroon,Germany,staple_food,alert notification — serious,serious,https://webgate.ec.europa.eu/rasff-window/screen/notification/641786,2023
cpsc,24019,20231102,Creativity Street Assorted Craft Buttons,,China,,toys_children,The recalled children's craft buttons contain levels of lead that exceed the federal lead content ban. Lead is toxic if ingested by young children and can cause adverse health effects.,,https://www.cpsc.gov/Recalls/2024/Dixon-Ticonderoga-Recalls-Creativity-Street-Childrens-Assorted-Craft-Buttons-Due-to-Violation-of-Federal-Lead-Content-Ban,2023
fda_food,F-0404-2024,20231029,"Schnucks APPLE SAUCE FRUIT POUCH, CINNAMON Net Weight: 3.2 oz (90g) Pouches, 20 pack-3.2 oz poches per carton, 12 pack-3.2 oz poches per carton, 20 pack-3.2 oz poches per carton, 4 pack-3.2 oz poches ",WANABANA USA LLC,,United States,spices,North Carolina Department of Health and Human Services (NCDHHS) sampled product and found it to contain high levels of lead.,Class I,,2023
fda_food,F-0403-2024,20231029,"Weis CINNAMON APPLE SAUCE, Net Weight: 3.2 oz (90g) Pouches, 20 pack-3.2 oz poches per carton, NET WT 4LB carton, 12 pack 3.2 oz poches per carton, 4 pack 3.2 oz poches per carton.",WANABANA USA LLC,,United States,spices,North Carolina Department of Health and Human Services (NCDHHS) sampled product and found it to contain high levels of lead.,Class I,,2023
fda_food,F-0402-2024,20231029,"WANABANA APPLE CINNAMON FRUIT PUREE, Net Weight: 2.50 oz (71g) Pouches, 15 poches per carton, 3-pack carton in one box.",WANABANA USA LLC,,United States,spices,North Carolina Department of Health and Human Services (NCDHHS) sampled product and found it to contain high levels of lead.,Class I,,2023
rasff,2023.7373,20231027,Plomo en sepiolita por encima de niveles permitidos // Lead higher than maximum admitted in Sepiolite,,Spain,Spain,animal_feed,information notification for follow-up — not serious,not serious,https://webgate.ec.europa.eu/rasff-window/screen/notification/640975,2023
rasff,2023.7211,20231023,"Lead, phtalates and photoinitiators in pizza boxes from Italy",,Italy,France,tableware,alert notification — serious,serious,https://webgate.ec.europa.eu/rasff-window/screen/notification/640041,2023
rasff,2023.7178,20231020,Migration of lead and nickel from stainless steel drinking bottle from Italy,,Italy,Germany,tableware,information notification for follow-up — potential risk,potential risk,https://webgate.ec.europa.eu/rasff-window/screen/notification/639615,2023
rasff,2023.7011,20231016,"Lead, phtalates and photoiniators in pizza boxes from Italy",,Italy,France,tableware,alert notification — serious,serious,https://webgate.ec.europa.eu/rasff-window/screen/notification/638475,2023
rasff,2023.6908,20231011,High lead and arsenic in calcium carbonate from Germany,,Germany,Netherlands,animal_feed,alert notification — serious,serious,https://webgate.ec.europa.eu/rasff-window/screen/notification/637615,2023
rasff,2023.6880,20231010,"Lead, phtalates and photoiniators in pizza boxes from Türkiye",,Türkiye,France,tableware,information notification for attention — serious,serious,https://webgate.ec.europa.eu/rasff-window/screen/notification/636381,2023
rasff,2023.6731,20231004,Cadmium and lead migration from a decorated Cappuccino glass,,,Slovakia,tableware,information notification for attention — potentially serious,potentially serious,https://webgate.ec.europa.eu/rasff-window/screen/notification/636141,2023
rasff,2023.6676,20231002,High content of lead in savoy salami with wild boar meat from France,,France,Czechia,game_meat,alert notification — serious,serious,https://webgate.ec.europa.eu/rasff-window/screen/notification/635257,2023
cpsc,23293,20230921,Men's clasp beaded bracelets,,Italy,,jewelry,The clasp on the beaded bracelet contains levels of lead that exceed the federal lead content ban. Lead is toxic if ingested by young children and can cause adverse health effects.,,https://www.cpsc.gov/Recalls/2023/H-M-Recalls-Mens-Clasp-Beaded-Bracelets-Due-to-Lead-Poisoning-Hazard-High-Levels-of-Lead-Content,2023
rasff,2023.6424,20230921,Lead exceedance in lamb's offals destined to human consumption,,United Kingdom,France,food_other,information notification for follow-up — not serious,not serious,https://webgate.ec.europa.eu/rasff-window/screen/notification/634059,2023
rasff,2023.6330,20230918,Lead and phthalates in pizza cardboard box,,Türkiye,France,game_meat,alert notification — serious,serious,https://webgate.ec.europa.eu/rasff-window/screen/notification/633585,2023
rasff,2023.6249,20230914,Lead and mercury in ayurvedic food supplements from India,,India,Germany,medicines,information notification for attention — serious,serious,https://webgate.ec.europa.eu/rasff-window/screen/notification/632766,2023
rasff,2023.5293,20230804,High content of lead and PAH in brahmi powder from China,,India,Sweden,medicines,information notification for attention — serious,serious,https://webgate.ec.europa.eu/rasff-window/screen/notification/626852,2023
rasff,2023.5317,20230804,Too high level of Lead in pickingstone for pigeons from the Netherlands,,Netherlands,Belgium,animal_feed,information notification for follow-up — not serious,not serious,https://webgate.ec.europa.eu/rasff-window/screen/notification/625112,2023
rasff,2023.5285,20230803,migration of lead from metal enamel plate from China via The Netherlands,,China,Belgium,tableware,alert notification — serious,serious,https://webgate.ec.europa.eu/rasff-window/screen/notification/626771,2023
rasff,2023.5201,20230801,High content of lead in baby food from the Czech Republic,,Czechia,Czechia,other,alert notification — serious,serious,https://webgate.ec.europa.eu/rasff-window/screen/notification/626498,2023
rasff,2023.4974,20230725,High content of lead in wild boar salami from Hungary,,Hungary,Czechia,game_meat,alert notification — serious,serious,https://webgate.ec.europa.eu/rasff-window/screen/notification/624780,2023
cpsc,23774,20230720,CUPKIN Double-Walled Stainless Steel Children's Cups,,China,,toys_children,The stainless-steel cups contain levels of lead that exceed the federal lead content ban. Lead is toxic if ingested by young children and can cause adverse health effects.,,https://www.cpsc.gov/Recalls/2023/Soojimus-Recalls-CUPKIN-Stainless-Steel-Childrens-Cups-Due-to-Violation-of-Federal-Lead-Content-Ban-Recall-Alert,2023
rasff,2023.4820,20230718,Lead in Magnesium Oxide from Greece,,Greece,Greece,animal_feed,alert notification — potentially serious,potentially serious,https://webgate.ec.europa.eu/rasff-window/screen/notification/622442,2023
fda_food,F-1297-2023,20230622,"Zinc Sulfate Monohydrate, USP, Powder.  Net Wt: 55 lb / 25 kg.  Jost Chemical 8150 Lackland, St. Louis, MO  63114.  Caution:  For Manufacturing, Processing, or Repacking.",Jost Chemical Co,,United States,other,"Zinc Sulfate Monohydrate, USP may contain elevated levels of lead.",Class II,,2023
rasff,2023.3949,20230613,Lead and chromium in plastic film,,Saudi Arabia,France,other,information notification for attention — serious,serious,https://webgate.ec.europa.eu/rasff-window/screen/notification/616368,2023
rasff,2023.3797,20230607,Migration of lead in ceramic plate from Germany,,Germany,Austria,ceramic_tableware,alert notification — serious,serious,https://webgate.ec.europa.eu/rasff-window/screen/notification/613177,2023
rasff,2023.3715,20230602,Copper and lead in asparagus from Spain,,Spain,Switzerland,food_other,information notification for attention — serious,serious,https://webgate.ec.europa.eu/rasff-window/screen/notification/614438,2023
rasff,2023.3699,20230601,Lead exceedance in supplementary fee for animals,,Czechia,France,animal_feed,alert notification — serious,serious,https://webgate.ec.europa.eu/rasff-window/screen/notification/614503,2023
rasff,2023.3603,20230530,"Migration of lead in porcelain plate from China, via the Netherlands",,China,Austria,ceramic_tableware,alert notification — serious,serious,https://webgate.ec.europa.eu/rasff-window/screen/notification/613120,2023
fda_food,F-1006-2023,20230526,"Sonne's Detoxificant #7, 1 quart (946 mL) packaged in amber glass bottle.",Anatox Inc,,United States,other,Elevated lead levels,Class III,,2023
fda_food,F-1005-2023,20230526,"1. VIT-RA-TOX Calphonite #38, 15 Fl. oz. (444 ml) in an amber glass bottle;  2. Sonne's Calphonite #2, 15 Fl. oz. (444 ml) in an amber glass bottle",Anatox Inc,,United States,other,Elevated lead levels,Class III,,2023
rasff,2023.3530,20230526,Exceedance of lead in megrim (cornish sole) from Belgium,,Belgium,Netherlands,food_other,information notification for attention — serious,serious,https://webgate.ec.europa.eu/rasff-window/screen/notification/613075,2023
cpsc,23761,20230525,The Preschool Electric Bicycles,,China,,paint,"The paint on the recalled electric bikes contains levels of lead that exceed the federal lead paint ban, posing a lead poisoning hazard. Lead is toxic if ingested by young children and can cause adverse health issues.",,https://www.cpsc.gov/Recalls/2023/Bunch-Bikes-Recalls-The-Preschool-Electric-Bicycles-Due-to-Violation-of-the-Federal-Lead-Paint-Ban-Lead-Poisoning-Hazard-Recall-Alert,2023
rasff,2023.3453,20230524,Lead in green asparagus from Spain,,Spain,Finland,food_other,information notification for attention — serious,serious,https://webgate.ec.europa.eu/rasff-window/screen/notification/612622,2023
rasff,2023.3355,20230519,"Lead in green clay from the Czech Republic, raw material from France ",,Czechia,Czechia,medicines,alert notification — serious,serious,https://webgate.ec.europa.eu/rasff-window/screen/notification/612067,2023
rasff,2023.3053,20230509,Elevated levels of lead in Chilli Flakes,,United Kingdom,Ireland,spices,information notification for attention — potentially serious,potentially serious,https://webgate.ec.europa.eu/rasff-window/screen/notification/610277,2023
cpsc,23752,20230504,L.O.L. Surprise! Trick or Treat subscription boxes sold with Metal Doll Pins,,China,,toys_children,"The paint on the children's metal doll pins contains levels of lead that exceed the federal lead paint ban, posing a lead poisoning hazard. Lead is toxic if ingested by young children and can cause adverse health effects.",,https://www.cpsc.gov/Recalls/2023/CultureFly-Recalls-LOL-Surprise-Trick-or-Treat-Subscription-Boxes-Sold-with-Metal-Doll-Pins-Due-to-the-Violation-of-the-Federal-Lead-Paint-Ban-Lead-Poisoning-Hazard-Recall-Alert,2023
fda_food,F-0953-2023,20230501,"Copitas; small ceramic cups; ""Del Maguey"" embossed on the bottom; distributed by Del Maguey",Pernod Ricard Usa Inc,,United States,other,Product may exceed FDA guidance levels for leachable lead.,Class II,,2023
rasff,2023.2804,20230428,Increased migration of lead and chromium from a cotton gauze for herbal products from France,,France,Germany,spices,alert notification — potentially serious,potentially serious,https://webgate.ec.europa.eu/rasff-window/screen/notification/608675,2023
fda_food,F-0830-2023,20230425,"Ziyad cinnamon powder, retail 4.5oz plastic jar with shaker cap UPC 074265007432, 12 retail jars per wholesale case",ZB Importing LLC,,United States,spices,Elevated levels of lead,Class II,,2023
cpsc,23184,20230420,Children's Fishing Rods sold with Kid Casters No Tangle Combos,,China,,toys_children,The fishing rods contain levels of lead that exceed the federal lead content ban. Lead is toxic if ingested by young children and can cause adverse health issues.,,https://www.cpsc.gov/Recalls/2023/Lil-Anglers-Recalls-Childrens-Fishing-Rods-Sold-with-Kid-Casters-No-Tangle-Combos-Due-to-Violation-of-Federal-Lead-Content-Ban,2023
rasff,2023.2509,20230414,Lead in a cutting board,,China,France,game_meat,alert notification — serious,serious,https://webgate.ec.europa.eu/rasff-window/screen/notification/606612,2023
rasff,2023.2501,20230414,Lead in ground onions from Turkey,,Türkiye,Switzerland,other,information notification for attention — serious,serious,https://webgate.ec.europa.eu/rasff-window/screen/notification/605214,2023
rasff,2023.2038,20230324,High lead content in supplementary feed for dogs from Poland,,Poland,Germany,animal_feed,alert notification — serious,serious,https://webgate.ec.europa.eu/rasff-window/screen/notification/602936,2023
rasff,2023.1934,20230322,"Lead, phtalates and 1-hydroxy-cyclohexyl phenyl ketone in a sample of pizza box from Türkiye",,Türkiye,France,tableware,information notification for attention — serious,serious,https://webgate.ec.europa.eu/rasff-window/screen/notification/602476,2023
rasff,2023.1936,20230322,High lead content in supplementary feed for dogs from Germany,,Germany,Germany,animal_feed,information notification for follow-up — potential risk,potential risk,https://webgate.ec.europa.eu/rasff-window/screen/notification/602578,2023
rasff,2023.1735,20230314,"High content of lead in food supplement from India, via UK",,India,Czechia,medicines,information notification for follow-up — serious,serious,https://webgate.ec.europa.eu/rasff-window/screen/notification/600932,2023
rasff,2023.1676,20230310,Lead in sepiolite from Spain,,Belgium,Spain,animal_feed,information notification for follow-up — not serious,not serious,https://webgate.ec.europa.eu/rasff-window/screen/notification/600576,2023
cpsc,23139,20230302,Children's Bamboo Plates,,China,,toys_children,The recalled children's bamboo plates have elevated levels of lead and formaldehyde. Both lead and formaldehyde are toxic if ingested by children and can cause adverse health effects.,,https://www.cpsc.gov/Recalls/2023/Primark-Recalls-Childrens-Bamboo-Plates-Due-to-Risk-of-Lead-and-Chemical-Exposure-Hazards,2023
rasff,2023.1491,20230302,Lead in complete feed for dogs from Germany,,Germany,Germany,animal_feed,alert notification — potentially serious,potentially serious,https://webgate.ec.europa.eu/rasff-window/screen/notification/599200,2023
rasff,2023.1470,20230301,Lead in complete feed for dogs from Germany,,Germany,Germany,animal_feed,alert notification — potentially serious,potentially serious,https://webgate.ec.europa.eu/rasff-window/screen/notification/598903,2023
fda_food,F-0685-2023,20230217,"Stainless Steel Water Bottle The product comes in four sizes: 32 oz., 24 oz., 20 oz., and 13 oz.",BINDLE BOTTLE,,United States,other,Water bottle has a cup with a screw cap attached by a weld that has been found to leach lead.,Class II,,2023
cpsc,23122,20230216,Children's pajamas and headbands,,China,,toys_children,"The recalled children's pajamas fail to meet the federal flammability standards for children's sleepwear, posing a risk of burn injuries to children; and the children's headbands contain levels of lead that exceed the federal lead content ban. Lead is toxic if ingested by young children and can caus",,https://www.cpsc.gov/Recalls/2023/Hatley-USA-Recalls-Childrens-Pajamas-Due-to-Violation-of-Federal-Flammability-Standards-and-Burn-Hazard-and-Childrens-Headbands-Due-to-Violation-of-Federal-Lead-Content-Ban,2023
rasff,2023.0844,20230203,Lead and aluminum in quince juice from Germany,,Germany,Germany,other,alert notification — serious,serious,https://webgate.ec.europa.eu/rasff-window/screen/notification/594378,2023
rasff,2023.0792,20230202,Lead in salted beef casings from Egypt,,Egypt,Italy,food_other,information notification for attention — serious,serious,https://webgate.ec.europa.eu/rasff-window/screen/notification/594077,2023
rasff,2023.0660,20230127,Aluminium and lead in and unauthorised novel food ingredient zeolite from Austria,,Austria,Germany,medicines,alert notification — serious,serious,https://webgate.ec.europa.eu/rasff-window/screen/notification/593125,2023
rasff,2023.0049,20230103,"Lead, phtalates and photoinitiator in a pizza box",,Italy,France,tableware,alert notification — serious,serious,https://webgate.ec.europa.eu/rasff-window/screen/notification/589106,2023
rasff,2022.7488,20221221,Exceedance of maximum limits for lead in cardamom,,Germany,Germany,spices,alert notification — potentially serious,potentially serious,https://webgate.ec.europa.eu/rasff-window/screen/notification/586418,2022
rasff,2022.6982,20221130,Lead in blackberries from Portugal,,Portugal,Netherlands,food_other,alert notification — serious,serious,https://webgate.ec.europa.eu/rasff-window/screen/notification/581290,2022
rasff,2022.6956,20221130,high migration of cadmium and lead in glasses from China,,China,Poland,tableware,information notification for attention — serious,serious,https://webgate.ec.europa.eu/rasff-window/screen/notification/580994,2022
rasff,2022.6924,20221128,"migration of cadmium (>0,8 mg/kg - ppm) and of lead (>8,0 mg/kg - ppm) from glass vessels from China, via the Netherlands",,China,Poland,tableware,alert notification — serious,serious,https://webgate.ec.europa.eu/rasff-window/screen/notification/582254,2022
cpsc,23052,20221123,Children's clothing sets,,Egypt,,toys_children,"The textile ink painted on the recalled clothing sets contains levels of lead that exceed either the federal lead paint ban or the federal lead content ban, posing a lead poisoning hazard. Lead is toxic if ingested by young children and can cause adverse health issues.",,https://www.cpsc.gov/Recalls/2023/Bentex-Recalls-Childrens-Clothing-Sets-Due-to-Violation-of-the-Federal-Lead-Paint-and-Lead-Content-Ban-Lead-Poisoning-Hazard,2022
cpsc,23711,20221123,"Green Sprouts Stainless Steel Straw Bottles, Sippy Cups and Sip & Straw Cups",,China,,tableware,"The recalled stainless-steel bottles and cups bottom base can break off, exposing a solder dot that contains lead, posing a lead poisoning hazard to the child. Lead is toxic if ingested by young children, and can cause adverse health effects.",,https://www.cpsc.gov/Recalls/2023/Green-Sprouts-Recalls-Toddlers-Stainless-Steel-Bottles-and-Cups-Due-to-Lead-Poisoning-Hazard-Recall-Alert,2022
rasff,2022.6707,20221117,Lead in complete feed for dogs from the United Kingdom,,United Kingdom,Germany,animal_feed,alert notification — serious,serious,https://webgate.ec.europa.eu/rasff-window/screen/notification/580024,2022
rasff,2022.6565,20221109,Residue of Lead and presence of unauthorized Sudan red I in Turmeric with Bangladeshi origin,,Bangladesh,Belgium,spices,border rejection notification — serious,serious,https://webgate.ec.europa.eu/rasff-window/screen/notification/579199,2022
rasff,2022.6468,20221104,Lead in blackberries from Portugal,,Portugal,Netherlands,food_other,alert notification — serious,serious,https://webgate.ec.europa.eu/rasff-window/screen/notification/578443,2022
rasff,2022.6467,20221104,High content of lead in supplementary feed for dogs from Germany ,,Germany,Germany,animal_feed,alert notification — serious,serious,https://webgate.ec.europa.eu/rasff-window/screen/notification/578408,2022
cpsc,23033,20221103,Tangame Busy Houses,,China,,toys_children,"The yellow-painted metal zipper contains levels of lead that exceed the federal lead paint ban, posing a lead poisoning hazard; the orange plastic phone cord contains levels of lead that exceed the federal lead content ban; and the horn's blue plastic bulb contains a regulated phthalate that exceed ",,https://www.cpsc.gov/Recalls/2023/Tangame-Busy-Toy-Houses-Recalled-Due-to-Violation-of-Federal-Lead-Paint-Lead-Content-and-Phthalate-Content-Bans-Lead-Poisoning-Hazard-and-Risk-of-Phthalate-Exposure-Imported-by-Tangame-Toys-Sold-Exclusively-at-Amazon-com,2022
cpsc,23031,20221103,Bolt Foldable Children's Scooters,,China,,toys_children,"The paint on the recalled scooters contains levels of lead that exceed the federal lead paint ban, posing a lead poisoning hazard. Lead is toxic if ingested by young children and can cause adverse health issues.",,https://www.cpsc.gov/Recalls/2023/Anker-Play-Products-Recalls-Bolt-Foldable-Childrens-Scooters-Due-to-Violation-of-Federal-Lead-Paint-Ban-Lead-Poisoning-Hazard,2022
cpsc,23707,20221103,Stashables Finger Skateboard Ramp Sets,,China,,toys_children,"Surface paint on the miniature skateboard and scooter toys in the ramp sets contain levels of lead that exceed the federal lead paint ban, posing a risk of lead poisoning. The miniature scooter toy also fails to comply with the federal lead content ban. Lead is toxic if ingested by young children an",,https://www.cpsc.gov/Recalls/2023/BS-Interactive-Recalls-Stashables-Childrens-Ramp-Sets-Due-to-Violation-of-the-Federal-Lead-Paint-and-Lead-Content-Ban-Lead-Poisoning-Hazard-Recall-Alert,2022
rasff,2022.6260,20221026,Cadmiun and lead in okra from Jordan,,Jordan,Germany,food_other,information notification for attention — serious,serious,https://webgate.ec.europa.eu/rasff-window/screen/notification/576798,2022
cpsc,23703,20221020,Butterfly Net Sets and Army Action Figure Playsets,,China,,toys_children,Components of the recalled butterfly net sets and the action figure playsets contain levels of certain phthalates and lead that exceed the federal phthalate and lead content standards. Phthalates and lead are toxic if ingested by young children and can cause adverse health issues.,,https://www.cpsc.gov/Recalls/2023/Juvo-Plus-Recalls-Childrens-Butterfly-Net-Sets-and-Army-Action-Figure-Playsets-Due-to-Violations-of-Federal-Phthalates-and-Lead-Content-Bans-Recall-Alert,2022
fda_food,F-0165-2023,20221013,Similac Water - Sterilized (Export Canada)  2 fl oz reclose able plastic bottle  Packaged as: 48 count case,Abbott Laboratories,,United States,other,Compromised seal integrity which could lead to spoilage,Class II,,2022
fda_food,F-0159-2023,20221013,Similac 360 Total Care Sensitive with Nipples 2 fl oz reclose able plastic bottle  Packaged as: 4 - 6 count carton,Abbott Laboratories,,United States,other,Compromised seal integrity which could lead to spoilage,Class II,,2022
fda_food,F-0161-2023,20221013,"Similac Total Comfort 2 fl oz reclose able plastic bottle  Packaged as: 12 - 4 packs in a case, 48 count case",Abbott Laboratories,,United States,other,Compromised seal integrity which could lead to spoilage,Class II,,2022
fda_food,F-0156-2023,20221013,"Similac 360 Total Care 2 fl oz reclose able plastic bottle  Packaged as: 6 count carton, 12 count carton, 48 count case",Abbott Laboratories,,United States,other,Compromised seal integrity which could lead to spoilage,Class II,,2022
fda_food,F-0162-2023,20221013,Similac Special Care 2 fl oz reclose able plastic bottle  Packaged as: 4 count carton,Abbott Laboratories,,United States,other,Compromised seal integrity which could lead to spoilage,Class II,,2022
fda_food,F-0158-2023,20221013,"Similac 360 Total Care Sensitive 2 fl oz reclose able plastic bottle  Packaged as: 6 count carton, 12 count carton, 48 count case",Abbott Laboratories,,United States,other,Compromised seal integrity which could lead to spoilage,Class II,,2022
fda_food,F-0164-2023,20221013,Similac Stage 1 (Export Dominican Republic) 2 fl oz reclose able plastic bottle  Packaged as: 48 count case,Abbott Laboratories,,United States,other,Compromised seal integrity which could lead to spoilage,Class II,,2022
fda_food,F-0163-2023,20221013,Similac Stage 1 (Export Colombia) 2 fl oz reclose able plastic bottle  Packaged as: 48 count case,Abbott Laboratories,,United States,other,Compromised seal integrity which could lead to spoilage,Class II,,2022
cpsc,23008,20221013,Children's Rings,,China,,toys_children,The metal base of the ring contains levels of lead that exceed the federal lead content ban. Lead is toxic if ingested by young children and can cause adverse health issues.,,https://www.cpsc.gov/Recalls/2023/U-P-Fashion-Recalls-Childrens-Rings-Due-to-Violation-of-Federal-Lead-Content-Ban,2022
fda_food,F-0154-2023,20221013,Pedialyte Unflavored Electrolyte Solution  2 fl oz plastic reclosable bottle 12-4 packs in a case,Abbott Laboratories,,United States,other,Compromised seal integrity which could lead to spoilage,Class II,,2022
fda_food,F-0155-2023,20221013,Pedialyte Unflavored (Export to Canada) 2 fl oz plastic reclosable bottle 48 count case,Abbott Laboratories,,United States,other,Compromised seal integrity which could lead to spoilage,Class II,,2022
fda_food,F-0157-2023,20221013,Similac 360 Total Care/Similac 360 Total Care Sensitive Discharge Kit  2 fl oz reclose able plastic bottle  Packaged as: 6 count kit,Abbott Laboratories,,United States,other,Compromised seal integrity which could lead to spoilage,Class II,,2022
fda_food,F-0160-2023,20221013,Similac Neosure 2 fl oz reclose able plastic bottle  Packaged as: 48 count case,Abbott Laboratories,,United States,other,Compromised seal integrity which could lead to spoilage,Class II,,2022
cpsc,23701,20221006,Eames Desk Units and Eames Storage Units,,United States,,paint,"The surface paint on the tan side panels of the desks and storage units contains levels of lead that exceed the federal lead paint ban, posing a lead poisoning hazard. Lead is toxic if ingested by young children and can cause adverse health effects.",,https://www.cpsc.gov/Recalls/2023/MillerKnoll-Recalls-Desk-and-Storage-Units-Due-to-Violation-of-the-Federal-Lead-Paint-Ban-Lead-Poisoning-Hazard-Recall-Alert,2022
cpsc,22233,20220929,Children's Bowtie Hairclips,,China,,toys_children,The crystals on the hairclip contain levels of lead that exceed the federal lead content ban. Lead is toxic if ingested by young children and can cause adverse health issues.,,https://www.cpsc.gov/Recalls/2022/BE-Jewel-Accessories-Recalls-Childrens-Hairclips-Due-to-Violation-of-Federal-Lead-Content-Ban,2022
rasff,2022.5501,20220922,lead in organic wholegrain biscuits for toddlers with apple and chia seeds from Belgium,,Belgium,Belgium,staple_food,information notification for attention — serious,serious,https://webgate.ec.europa.eu/rasff-window/screen/notification/570658,2022
fda_food,F-0073-2023,20220919,"Indian Gooseberry Alcohol-Free Extract, 2 oz. glass bottle, UPC 722267094379 and Indian Gooseberry Alcohol-Free Extract, 4 oz. glass bottle, UPC 722267094393, Secrets of the Tribe LLC, PO Box 5264, De",Secrets Of The Tribe,,United States,other,Product has elevated level of lead.,Class II,,2022
fda_food,F-0072-2023,20220919,"Amla Alcohol-Free Extract, 2 oz. glass bottle, UPC 041979376093 and Amla Alcohol-Free Extract, 4 oz. glass bottle, UPC 041979376116, Secrets of the Tribe LLC, PO Box 5264, Denver, CO, 80217",Secrets Of The Tribe,,United States,other,Product has elevated level of lead.,Class II,,2022
cpsc,22769,20220901,Otter MOMO Children's Sandals,,China,,toys_children,The inner layer of the recalled sandals contains levels of lead that exceed the federal lead content ban. Lead is toxic if ingested by young children and can cause adverse health issues.,,https://www.cpsc.gov/Recalls/2022/Kolan-Recalls-Childrens-Sandals-Due-to-Violation-of-Federal-Lead-Content-Ban-Sold-Exclusively-on-Amazon-com-Recall-Alert,2022
cpsc,22207,20220825,Big Game Hunters Mud Kitchens,"Garden Games Ltd., of UK",China,,toys_children,The brass water tap of the play kitchen contains levels of lead that exceed the federal lead content ban. Lead is toxic if ingested by young children and can cause adverse health issues.,,https://www.cpsc.gov/Recalls/2022/Big-Game-Hunters-Childrens-Outdoor-Kitchens-Recalled-Due-to-Violation-of-Federal-Lead-Content-Ban-Imported-by-DOM-Sports-Sold-Exclusively-at-Amazon-com,2022
rasff,2022.4849,20220822,Migration of cadmium and lead from glasses,,China,Poland,tableware,alert notification — serious,serious,https://webgate.ec.europa.eu/rasff-window/screen/notification/566292,2022
rasff,2022.4638,20220809,paper straws from China unfit for use as food contact material (use of lead chromate oxide coating),,China,Croatia,other,border rejection notification — undecided,undecided,https://webgate.ec.europa.eu/rasff-window/screen/notification/564512,2022
cpsc,22765,20220728,NUK First Choice 240 mL Glass Baby Bottles,"Mapa GmbH of Zeven, Germany",Germany,,other,The markings on the outside of the bottles contain levels of lead that exceeds the federal lead content ban. Lead is toxic if ingested by young children and can cause adverse health issues.,,https://www.cpsc.gov/Recalls/2022/First-Choice-Glass-Baby-Bottles-Recalled-by-NUK-Due-to-Violation-of-the-Federal-Lead-Content-Ban-Sold-Exclusively-on-Amazon-com-Recall-Alert,2022
rasff,2022.4294,20220722,Lead migration from ceramic plate from China,,China,Poland,ceramic_tableware,alert notification — serious,serious,https://webgate.ec.europa.eu/rasff-window/screen/notification/561687,2022
rasff,2022.4248,20220720,lead in turmeric from Madagascar,,Madagascar,Belgium,spices,border rejection notification — serious,serious,https://webgate.ec.europa.eu/rasff-window/screen/notification/561453,2022
fda_food,F-1539-2022,20220715,"Natierra Nature & Earth Organic Blueberries Ingredients: Organic Freeze-Dried Blueberries NET WT 12 oz (34g) Distributed by Natierra Van Nuys, CA 91405-1545 Certified Organics by SCS Global Services P",BrandStorm Inc,,United States,other,Elevated levels of lead detected as a result of testing conducted by Maryland Department of Health.,Class II,,2022
rasff,2022.4042,20220711,"High content of lead in diatomaceous earth from the Czech Republic, raw material from Poland",,Czechia,Czechia,medicines,alert notification — serious,serious,https://webgate.ec.europa.eu/rasff-window/screen/notification/559514,2022
rasff,2022.3907,20220705,lead in complete feed for dogs from Austria,,Austria,Germany,animal_feed,alert notification — undecided,undecided,https://webgate.ec.europa.eu/rasff-window/screen/notification/558469,2022
rasff,2022.3752,20220628,Lead in deer salami from Italy,,Italy,Austria,game_meat,information notification for attention — undecided,undecided,https://webgate.ec.europa.eu/rasff-window/screen/notification/557213,2022
cpsc,22166,20220616,Children's Desks and Chairs,,China,,toys_children,"Surface paint on the desks and chairs contains levels of lead that exceed the federal lead paint ban, posing a lead poisoning hazard. The desks and chairs also fail to comply with the federal lead content ban. Lead is toxic if ingested by young children and can cause adverse health effects.",,https://www.cpsc.gov/Recalls/2022/Times-Tienda-Recalls-Childrens-Desks-and-Chairs-Due-to-Violation-of-the-Federal-Lead-Paint-and-Lead-Content-Bans-Lead-Poisoning-Hazard,2022
cpsc,22750,20220609,Jungle Jumparoo Children's Toys,,China,,toys_children,The toys' yellow poles contain levels of lead that exceed the federal lead content ban. Lead is toxic if ingested by young children and can cause adverse health issues.,,https://www.cpsc.gov/Recalls/2022/Jungle-Jumparoo-Recalls-Childrens-Toys-Due-to-Violation-of-the-Federal-Lead-Content-Ban-Recall-Alert,2022
rasff,2022.3269,20220602,increased lead - and cadmium permeability in the drinking rim of glasses from Italy ,,Italy,Germany,tableware,alert notification — undecided,undecided,https://webgate.ec.europa.eu/rasff-window/screen/notification/552171,2022
cpsc,22141,20220602,"6"" Aflac Plush Promotional Ducks",,China,,other,Components of the recalled promotional ducks contain levels of certain phthalates that exceed the federal phthalate content standard. A component of the promotional fishing duck also contains a level of lead that exceeds the federal lead content standard. Phthalates and lead are toxic if ingested by,,https://www.cpsc.gov/Recalls/2022/Communicorp-Recalls-Aflac-Plush-Promotional-Ducks-Due-to-Violations-of-Federal-Phthalates-and-Lead-Content-Bans-Risk-of-Phthalates-Exposure-and-Lead-Poisoning-Hazard,2022
rasff,2022.2917,20220525,MRL for lead exceeded in carrots,,Netherlands,Belgium,food_other,information notification for follow-up — not serious,not serious,https://webgate.ec.europa.eu/rasff-window/screen/notification/550331,2022
rasff,2022.3086,20220525,Lead in Chanca Piedra from the United States,,United States,Netherlands,medicines,alert notification — serious,serious,https://webgate.ec.europa.eu/rasff-window/screen/notification/551623,2022
rasff,2022.2878,20220516,Lead in baby food from Sweden ,,Sweden,Sweden,medicines,alert notification — serious,serious,https://webgate.ec.europa.eu/rasff-window/screen/notification/549817,2022
rasff,2022.2853,20220513,"High content of lead in diatomaceous earth from the Czech Republic, with raw material from Peru, dispatched from the United Kingdom",,Peru,Czechia,medicines,information notification for attention — serious,serious,https://webgate.ec.europa.eu/rasff-window/screen/notification/549643,2022
rasff,2022.2726,20220509,Increased content of lead in supplementary feed for dogs from the Czech Republic,,Czechia,Germany,animal_feed,alert notification — serious,serious,https://webgate.ec.europa.eu/rasff-window/screen/notification/548027,2022
rasff,2022.2289,20220419,migration of lead above the legal limits in coffee sets with saucers and hanger from China,,China,Italy,tableware,information notification for attention — serious,serious,https://webgate.ec.europa.eu/rasff-window/screen/notification/540627,2022
rasff,2022.2163,20220412,Lead and phthalates in pizza cardboard box,,Spain,France,game_meat,alert notification — serious,serious,https://webgate.ec.europa.eu/rasff-window/screen/notification/543272,2022
rasff,2022.1837,20220329,"mercury, lead, phtalates and photoinitiators in a pizza cardboard",,Italy,France,game_meat,alert notification — serious,serious,https://webgate.ec.europa.eu/rasff-window/screen/notification/540255,2022
rasff,2022.1820,20220328,"lead in dried, organic laos chips",,Vietnam,Netherlands,tableware,alert notification — serious,serious,https://webgate.ec.europa.eu/rasff-window/screen/notification/539151,2022
rasff,2022.1680,20220322,High level of lead in wild boar salami from Spain,,Spain,Germany,game_meat,alert notification — serious,serious,https://webgate.ec.europa.eu/rasff-window/screen/notification/539094,2022
rasff,2022.1307,20220304,lead in rye flour from the Netherlands,,Poland,Belgium,staple_food,alert notification — serious,serious,https://webgate.ec.europa.eu/rasff-window/screen/notification/535257,2022
cpsc,22090,20220302,Bee Happy 12 Days of Craft Advent Calendars,,China,,paint,"Surface paint on the brown bell found in ""Day 10"" of the advent calendar contains levels of lead that exceed the federal lead paint ban, posing a risk of lead poisoning. Excessive levels of lead can be toxic or cause other health problems to young children if the paint is ingested.",,https://www.cpsc.gov/Recalls/2022/ALDI-Recalls-Bee-Happy-12-Days-of-Craft-Advent-Calendars-Due-to-Violation-of-the-Federal-Lead-Paint-Ban-and-Lead-Poisoning-Hazard,2022
fda_food,F-0908-2022,20220224,"Snak Yard Dried Plums Saladitos; 12.7 oz. net wt (360g) Item number 1546905 UPC: 8 10019 60082 1  Made in China; Packed in Thailand  Distributed by Alli & Rose LLC, 1422 E, ?M?ain St. PMB #210 Lincoln",ALLI & ROSE LLC,,United States,other,Firm is recalling Dried Plums due to potential high lead content.,Class II,,2022
cpsc,22731,20220224,Mama & Me MINI Children's Handbags,,China,,toys_children,"The metal zipper slider, zipper 0-ring, d-ring, rivet and stud of the children's handbags contain levels of lead that exceed the federal lead content ban. Lead is toxic if ingested by young children and can cause adverse health issues.",,https://www.cpsc.gov/Recalls/2022/Kelly-Wynne-Recalls-Childrens-Handbags-Due-to-Violation-of-Federal-Lead-Content-Ban-Recall-Alert,2022
fda_food,F-0859-2022,20220210,"Salted Dried Plums, 500kgcartons, 20kgs plastic bag/carton",Vbest Inc,,United States,other,Firm supplied salted dried plums (Saladitos) to two firms who are recalling due to high lead levels in product found by California Department of Public Health sampling.,Class II,,2022
cpsc,22073,20220209,Adam the Apple™ Children's Stackable Toys,,India,,toys_children,Surface paint on the wooden toys contains levels of lead that exceed the federal lead paint ban. Lead is toxic if ingested by young children and can cause adverse health effects.,,https://www.cpsc.gov/Recalls/2022/Stack-Em-Up-Books-Recalls-Childrens-Stackable-Toys-Due-to-Violation-of-the-Federal-Lead-Paint-Ban-and-Lead-Poisoning-Hazard,2022
fda_food,F-0857-2022,20220207,Tolteca Saladitos Salted Dried Plums; Net Wt. 1.5 oz. (42.5g) packaged in a clear cellophane bag approximately (4  x 8 ).  The name SALADITOS Salted Dried Plums appears on a Blue TOLTECA brand label a,Candies Tolteca,,United States,other,Firm distributed Dried Salted Plum (Saladitos) that may contain high lead levels.,Class II,,2022
fda_food,F-0830-2022,20220207,American Gourmet Saladitos (Dried Salted Plums) 1.5 oz. package UPC: 1578600104,American Gourmet,,United States,other,California Department of Public Health sampled product and found it to contain high levels of lead.,Class II,,2022
fda_food,F-0858-2022,20220207,"Tolteca Saladitos con Chile Limon, Dried Plums with Chili & Lemon; Net Wt. .15 oz. (42.5g) packaged in a clear cellophane bag approximately (4 x 8).  Green TOLTECA brand label and identified with UPC ",Candies Tolteca,,United States,spices,Firm distributed Dried Salted Plum (Saladitos) that may contain high lead levels.,Class II,,2022
fda_food,F-0825-2022,20220206,"LUPAG brand Plain Dried Salted Plums, net wt. 0.5oz, pre-priced at $.99 packaged in transparent poly bags sealed with a cardboard header, stapled one dozen packages on a cardboard strip. UPC 7 25535 0",Rojas Inc.,,United States,other,Elevated levels for lead.,Class II,,2022
rasff,2022.0694,20220204,Lead in E 553b talcum powder from the Netherlands,,Belgium,Netherlands,other,alert notification — serious,serious,https://webgate.ec.europa.eu/rasff-window/screen/notification/530168,2022
fda_food,F-0824-2022,20220203,"Saladitos With Chili, Net Weight 16 oz (1lb) with UPC 0661799748162.  The product is packaged in ultra clear sealed zip-lock plastic bag.  There is no expiry date and no lot code.",A & E Corrales LLC,,United States,spices,Elevated levels of lead,Class II,,2022
fda_food,F-0828-2022,20220203,"Dried salted plum, packaged in 22 lbs. carton.  Product of China.",Pacific Golden Coast Trading Inc,,United States,other,Elevated levels for lead.,Class II,,2022
fda_food,F-0821-2022,20220202,"La Fiesta brand, Salted Plums with Chili Product. Product is packaged in cello bags, net wt. 1oz. UPC 0 32327 02829 0.  There are 8 dozens per case.  Product is labeled in parts: ""***SALADITOS CON CHI",la fiesta food products,,United States,spices,elevated levels for lead.,Class II,,2022
fda_food,F-0856-2022,20220202,"El Super Leon brand, Dry Salted Plum with Chili, Shelf Stable, packaged in plastic bag, Net Wt 1.05oz, UPC 8-52605-00408. With 12 packs of 12 units per case, for a total of 144 units per case.  El Leo","El Super Leon Ponchin Snacks, Inc.",,United States,spices,Potential to be contaminated with lead.,Class II,,2022
fda_food,F-0855-2022,20220202,"EL Leoncito brand Dry Salted Plum, Shelf Stable, packaged in plastic bag, Net Wt 1.4oz, UPC 8-52605-00024.  12 packs with 12 units per case - 144 total units  El Super Leon brand Dry Salted Plum, Shel","El Super Leon Ponchin Snacks, Inc.",,United States,other,Potential to be contaminated with lead.,Class II,,2022
fda_food,F-0822-2022,20220202,"El Chavito¿ Saladitos Dried Salted Plums, net wt. 1.7 oz bag, Individual UPC 859470006049, Master Case UPC 859470006629.  El Chavito¿ Saladitos Dried Salted Plums, net wt. 1.7 oz bag, Individual UPC 8",El Chavito,,United States,other,Potential to be contaminated with lead.,Class II,,2022
fda_food,F-0823-2022,20220202,"El Chavito¿ Saladitos Enchilados Salted Plums with Chili, net wt. 1.7 oz., Individual UPC 859470006070, Master Case UPC 859470006612.",El Chavito,,United States,spices,Potential to be contaminated with lead.,Class II,,2022
rasff,2022.0406,20220121,High content of lead in nettle leaf powder from Albania,,Albania,Germany,spices,alert notification — serious,serious,https://webgate.ec.europa.eu/rasff-window/screen/notification/527890,2022
cpsc,22715,20220106,Covered Wood Wagons,,China,,toys_children,"Paint on the wood wagons, the plastic handles, and the red plastic cover contain levels of lead that exceed the maximums allowed. Excessive levels of lead can be toxic or cause other health problems to young children if the paint is ingested.",,https://www.cpsc.gov/Recalls/2022/Colony-Brands-Recalls-Childrens-Wood-Wagons-Due-to-Violation-of-Federal-Lead-Paint-Ban-and-Lead-Poisoning-Hazard-Recall-Alert,2022
cpsc,22044,20220105,Native Creation Small Wool Sweaters,,Ecuador,,paint,Paint on the zipper pull contains levels of lead that exceed the maximums allowed. Excessive levels of lead can be toxic or cause other health problems to young children if the paint is ingested.,,https://www.cpsc.gov/Recalls/2022/Native-Creation-Recalls-Sweaters-Due-to-Violation-of-the-Federal-Lead-Paint-Ban,2022
rasff,2022.0086,20220105,Migration of lead and cobalt from ceramic plates from China,,China,Germany,ceramic_tableware,alert notification — serious,serious,https://webgate.ec.europa.eu/rasff-window/screen/notification/522354,2022
rasff,2021.7142,20211224,Migration of lead (0.066 - 0.087 mg/dm²) from ceramic children's mug from China,,China,Finland,ceramic_tableware,border rejection notification — serious,serious,https://webgate.ec.europa.eu/rasff-window/screen/notification/523198,2021
fda_food,F-0519-2022,20211223,Moor Herbs Healthy Beauty Angel Formula packed in 16oz. plastic containers,MOOR HERBS,,United States,other,"Product is marketed as an infant formula but the required pre-market infant formula notification for this product has not been submitted to the FDA.    Product tested by FDA was well above the maximum acceptable range for Iron, Potassium and Sodium, which could potentially lead to iron overload and/",Class I,,2021
rasff,2021.6932,20211216,migration of lead and cadmium from set of dishes from China,,China,Poland,tableware,information notification for follow-up — undecided,undecided,https://webgate.ec.europa.eu/rasff-window/screen/notification/518243,2021
rasff,2021.6353,20211124,"lead in frozen pheasant breast fillets from the United Kingdom, via Germany",,United Kingdom,Austria,game_meat,alert notification — serious,serious,https://webgate.ec.europa.eu/rasff-window/screen/notification/516551,2021
fda_food,F-0275-2022,20211102,"""Herbal Doctor"" brand Angelicae Sinensis, Natural Herb, Net Wt. 16 oz (454 g) packaged in a green plastic bag; and 12oz (340g) packaged in a clear plastic box","Murray International Trading Co., Inc.",,United States,medicines,Product contains elevated levels of lead and cadmium,Class II,,2021
rasff,2021.5872,20211029,lead in activated carbon and green clay capsules from France,,France,France,medicines,alert notification — serious,serious,https://webgate.ec.europa.eu/rasff-window/screen/notification/511780,2021
cpsc,22704,20211028,Arc Collection Furniture,,Mexico,,paint,"Surface paint on the furniture contain levels of lead that exceed the federal lead paint ban, posing a risk of lead poisoning. Lead is toxic if ingested by young children and can cause adverse health effects.",,https://www.cpsc.gov/Recalls/2022/Design-Within-Reach-Recalls-Arc-Collection-Furniture-Due-to-Violation-of-the-Federal-Lead-Paint-Ban-Recall-Alert,2021
rasff,2021.5640,20211019,"high content of lead and high content of aluminium in diatomaceous earth from the Czech Republic, with raw material from Iceland",,Iceland,Czechia,medicines,alert notification — serious,serious,https://webgate.ec.europa.eu/rasff-window/screen/notification/509644,2021
rasff,2021.5522,20211013,lead in fish meal from Latvia,,Latvia,Austria,animal_feed,information notification for follow-up — undecided,undecided,https://webgate.ec.europa.eu/rasff-window/screen/notification/508267,2021
fda_food,F-0164-2022,20211007,"Carolina Ingredients Smoked Peppered Bacon Seasoning Mfr. By: Carolina Ingredients, LLC Rock Hill, SC 29730",Carolina Ingredients,,United States,spices,The firm was notified by their customer of possible lead  in their products. The firm sent samples of the product to a lab,Class II,,2021
fda_food,F-0165-2022,20211007,"Carolina Ingredients Sweet Chipotle Seasoning Mfr. By: Carolina Ingredients, LLC Rock Hill, SC 29730",Carolina Ingredients,,United States,spices,The firm was notified by their customer of possible lead  in their products. The firm sent samples of the product to a lab,Class II,,2021
fda_food,F-0161-2022,20211007,"Carolina Ingredients Avocado Lime Seasoning Mfr. By: Carolina Ingredients, LLC Rock Hill, SC 29730",Carolina Ingredients,,United States,spices,The firm was notified by their customer of possible lead  in their products. The firm sent samples of the product to a lab,Class II,,2021
fda_food,F-0162-2022,20211007,"Carolina Ingredients Jalapeno Seasoning Mfr. By: Carolina Ingredients, LLC Rock Hill, SC 29730",Carolina Ingredients,,United States,spices,The firm was notified by their customer of possible lead  in their products. The firm sent samples of the product to a lab,Class II,,2021
fda_food,F-0163-2022,20211007,"Carolina Ingredients Mustard & Onion Seasoning Mfr. By: Carolina Ingredients, LLC Rock Hill, SC 29730",Carolina Ingredients,,United States,spices,The firm was notified by their customer of possible lead  in their products. The firm sent samples of the product to a lab,Class II,,2021
fda_food,F-0160-2022,20211007,"Carolina Ingredients Beef Gravy Mix Non-allergen N715025 Net Wt. 50 lbs. Mfr. By: Carolina Ingredients, LLC Rock Hill, SC 29730",Carolina Ingredients,,United States,other,The firm was notified by their customer of possible lead  in their products. The firm sent samples of the product to a lab for evaluation.  Some samples were found with elevated lead levels,Class II,,2021
rasff,2021.5279,20211001,High content of lead in wild boar meat from Croatia,,Croatia,Croatia,game_meat,alert notification — serious,serious,https://webgate.ec.europa.eu/rasff-window/screen/notification/505887,2021
fda_food,F-0089-2022,20210926,"Starbucks Doubleshot Espresso, Espresso & Cream, 6.5 FL OZ UPC 012000001772",Pepsico Inc,,United States,other,An issue with adequate sealing of canned coffee products potentially lead to premature spoilage.,Class II,,2021
fda_food,F-0090-2022,20210926,"Starbucks Doubleshot Espresso, Espresso & Light Cream, 6.5 FL OZ UPC 012000008801",Pepsico Inc,,United States,other,An issue with adequate sealing of canned coffee products potentially lead to premature spoilage.,Class II,,2021
fda_food,F-0091-2022,20210926,"Starbucks Doubleshot Espresso, Espresso & Salted Caramel Cream, 6.5 FL OZ UPC 012000007293",Pepsico Inc,,United States,other,An issue with adequate sealing of canned coffee products potentially lead to premature spoilage.,Class II,,2021
rasff,2021.5088,20210923,High content of lead in milk thistle porridge with oyster mushrooms from the Czech Republic,,Czechia,Czechia,medicines,alert notification — serious,serious,https://webgate.ec.europa.eu/rasff-window/screen/notification/504394,2021
rasff,2021.5097,20210923,Lead in succinic acid from China,,China,Netherlands,other,information notification for follow-up — undecided,undecided,https://webgate.ec.europa.eu/rasff-window/screen/notification/503774,2021
rasff,2021.4926,20210915,lead in wines from North Macedonia,,North Macedonia,Poland,other,border rejection notification — undecided,undecided,https://webgate.ec.europa.eu/rasff-window/screen/notification/502625,2021
rasff,2021.4892,20210913,Superamento limite di piombo in cefalo// high levels of lead in mullet,,Italy,Italy,food_other,information notification for attention — serious,serious,https://webgate.ec.europa.eu/rasff-window/screen/notification/501969,2021
rasff,2021.4095,20210803,Lead in complementaryfeed for dogs and cats,,Germany,Germany,animal_feed,information notification for follow-up — undecided,undecided,https://webgate.ec.europa.eu/rasff-window/screen/notification/492093,2021
rasff,2021.3547,20210706,Lead in food supplement from India,,India,Finland,medicines,border rejection notification — serious,serious,https://webgate.ec.europa.eu/rasff-window/screen/notification/486326,2021
rasff,2021.3531,20210705,Lead in feed for dogs from Germany,,Germany,Germany,animal_feed,alert notification — serious,serious,https://webgate.ec.europa.eu/rasff-window/screen/notification/486199,2021
rasff,2021.3389,20210628,Excessive levels of lead in onion powder from India,,India,Germany,food_other,information notification for attention — serious,serious,https://webgate.ec.europa.eu/rasff-window/screen/notification/484888,2021
rasff,2021.3359,20210625,Lead in wild boar salami from Italy,,Italy,Austria,game_meat,information notification for attention — undecided,undecided,https://webgate.ec.europa.eu/rasff-window/screen/notification/484692,2021
rasff,2021.3262,20210622,"Too high level of lead in chopped onions from India, via Germany",,India,Switzerland,food_other,alert notification — serious,serious,https://webgate.ec.europa.eu/rasff-window/screen/notification/483982,2021
cpsc,21754,20210610,Children's Barhee Fishing Hero Toy Games,"Shantou Changxing Toy Industry Co. Ltd., of China",China,,toys_children,The metal rollers on the bottom of the flying dinosaur figures contain levels of lead that exceed the federal lead content ban. Lead is toxic if ingested by young children and can cause adverse health issues.,,https://www.cpsc.gov/Recalls/2021/Blue-Star-Trading-Recalls-Childrens-Fishing-Toy-Games-Due-to-Violation-of-Federal-Lead-Content-Ban-Lead-Poisoning-Hazard-Sold-Exclusively-on-Amazon-com-Recall-Alert,2021
rasff,2021.2734,20210528,lead in onion powder from India,,India,Germany,spices,alert notification — serious,serious,https://webgate.ec.europa.eu/rasff-window/screen/notification/480251,2021
rasff,2021.2550,20210520,Excess of lead and mercury in ayurvedic food supplement from India,,India,Finland,medicines,border rejection notification — serious,serious,https://webgate.ec.europa.eu/rasff-window/screen/notification/478988,2021
rasff,2021.2456,20210517,Lead in food supplement containing diatomaceous earth,,Czechia,Czechia,medicines,information notification for attention — serious,serious,https://webgate.ec.europa.eu/rasff-window/screen/notification/478600,2021
fda_food,F-0633-2021,20210517,"Mahayograj Guggulu;  120 Vegetarian Capsules, 1/2 lb. bags of powder  Dietary Supplement,  1030 Matley Lane, Unit A Reno, NV 89502  Serving size: 2 capsule  Servings per container: 60  Proprietary Ble",Garry N Sun USA Inc.,,United States,medicines,"State of Iowa collected consumer sample and found high levels of lead - 12,200 mg/kg",Class I,,2021
fda_food,F-0773-2021,20210503,Watson Pickled Garlic Ail Marine; 500g (18 oz. plastic pouch. Refrigerate after opening. UPC 8 00794 00303 0,WATSON LA INC,,United States,other,40 cases of product that had been detained by FDA for high lead levels were distributed.,Class II,,2021
fda_food,F-0497-2021,20210503,Shrayy (white chalk) packaged in .68lb bags of synthetic plastic; no label on packaging,A LIFE AFRICAN MARKET CORP,,United States,other,Product contains elevated levels of lead and arsenic.,Class II,,2021
rasff,2021.2055,20210426,Salmonella spp. und überhöhter Gehalt an Blei in gemahlenen Zwiebeln aus Indien /// Salmonella spp. and increased lead content in ground onions from India,,India,Germany,food_other,alert notification — serious,serious,https://webgate.ec.europa.eu/rasff-window/screen/notification/475337,2021
rasff,2021.2040,20210423,"Increased levels of lead in dehydrated chopped onions from India, via Germany",,France,Germany,food_other,alert notification — serious,serious,https://webgate.ec.europa.eu/rasff-window/screen/notification/475192,2021
rasff,2021.2000,20210422,Migration of lead and cadmium from cookware from China,,China,Germany,tableware,alert notification — serious,serious,https://webgate.ec.europa.eu/rasff-window/screen/notification/474639,2021
rasff,2021.1831,20210413,Migration of lead and nickel from electric mulled wine boiler from China,,China,Germany,tableware,alert notification — serious,serious,https://webgate.ec.europa.eu/rasff-window/screen/notification/473721,2021
rasff,2021.1330,20210315,Presence of lead beyond the limits in white wine,,Italy,Italy,food_other,alert notification — serious,serious,https://webgate.ec.europa.eu/rasff-window/screen/notification/470245,2021
rasff,2021.1189,20210309,"Lead (38 mg/kg - ppm) and mercury (3,4 mg/kg - ppm) in food supplement from India",,India,Slovenia,medicines,border rejection notification — serious,serious,https://webgate.ec.europa.eu/rasff-window/screen/notification/469305,2021
cpsc,21083,20210217,10-in-1 Incredible Inventions Science Kits,,China,,paint,"Paint on the red and blue magnet contains levels of lead that exceed the federal lead paint ban. Lead is toxic if ingested by young children and can cause adverse health issues. In addition, the product packaging lacks the required warning labels for magnets and balloons.",,https://www.cpsc.gov/Recalls/2021/Anker-Play-Products-Recalls-10-in-1-Incredible-Inventions-Science-Kit-Due-to-Violation-of-the-Federal-Lead-Paint-Ban,2021
rasff,2021.0486,20210210,Pet Food Deer chew sticks - Lead contamination,,Germany,Austria,animal_feed,information notification for attention — undecided,undecided,https://webgate.ec.europa.eu/rasff-window/screen/notification/463654,2021
fda_food,F-0277-2021,20210122,Reese Bearnaise Sauce packaged in glass jars 7.5 oz UPC: 7067060109,"World Finer Foods, Inc.",,United States,other,Reports of compromised vacuum seal and product expansion which may lead to growth of microorganisms,Class II,,2021
fda_food,F-0278-2021,20210122,Reese Hollandaise Sauce packaged in glass jars 7.5 oz UPC: 7067060108,"World Finer Foods, Inc.",,United States,other,Reports of compromised vacuum seal and product expansion which may lead to growth of microorganisms,Class II,,2021
rasff,2021.0111,20210108,Aluminium and lead in food supplement containing diatomaceous earth,,Czechia,Czechia,medicines,alert notification — serious,serious,https://webgate.ec.europa.eu/rasff-window/screen/notification/460047,2021
rasff,2021.0058,20210106,"Lead in canned Williams Christ pears from China, via Germany",,China,Germany,food_other,information notification for follow-up — undecided,undecided,https://webgate.ec.europa.eu/rasff-window/screen/notification/457535,2021
rasff,2020.5820,20201217,piombo in seppie pulite congelate ,,Tunisia,Italy,other,information notification for attention — serious,serious,https://webgate.ec.europa.eu/rasff-window/screen/notification/456640,2020
rasff,2020.5764,20201215,Migration of lead from plates with floral decoration from China,,China,Germany,tableware,alert notification — serious,serious,https://webgate.ec.europa.eu/rasff-window/screen/notification/451469,2020
rasff,2020.5700,20201211,migration of arsenic and lead from cramik shells from spain,,Spain,Germany,tableware,alert notification — serious,serious,https://webgate.ec.europa.eu/rasff-window/screen/notification/454153,2020
rasff,2020.5324,20201126,"Heavy metals: iron, tin metal, lead in tomato puree.",,Italy,Italy,other,alert notification — serious,serious,https://webgate.ec.europa.eu/rasff-window/screen/notification/450239,2020
rasff,2020.5259,20201125,Lead in complementary feed for calves and piglet,,France,Belgium,animal_feed,alert notification — potential risk,potential risk,https://webgate.ec.europa.eu/rasff-window/screen/notification/451895,2020
fda_food,F-0184-2021,20201124,Provolini Antipasta Net Wt. 7 oz (198g) UPC 0-72368-39343-8,George DeLallo Co. Inc. New Stanton Warehouse and Production,,United States,other,Product mis-packaging which lead to undeclared milk,Class II,,2020
rasff,2020.4658,20201030,Increased lead migration from child cutlery from Germany,,Germany,Germany,tableware,alert notification — serious,serious,https://webgate.ec.europa.eu/rasff-window/screen/notification/445724,2020
cpsc,21015,20201028,Ron Jon Surf Shop Sippy Cup,"Yitak Industry Company Limited, of China",China,,tableware,The plastic characters on the recalled Sippy Cup contain levels of lead that exceed the federal lead content ban and contain levels of a regulated phthalate that exceed the prohibition of specific phthalates. Lead and banned phthalates are toxic if ingested by young children and can cause adverse he,,https://www.cpsc.gov/Recalls/2021/Porter-World-Trade-Recalls-Ron-Jon-Surf-Shop-Sippy-Cup-Due-to-Violations-of-Federal-Lead-Content-and-Phthalates-Bans,2020
rasff,2020.4437,20201021,Lead in raw sausage ,,Germany,Austria,food_other,information notification for attention — not serious,not serious,https://webgate.ec.europa.eu/rasff-window/screen/notification/445840,2020
rasff,2020.4326,20201015,lead in salami,,Italy,Austria,food_other,alert notification — serious,serious,https://webgate.ec.europa.eu/rasff-window/screen/notification/444907,2020
rasff,2020.4202,20201009,"Arsenic, cadmium and lead in complementary feed for piglets",,Belgium,Belgium,animal_feed,information notification for follow-up — not serious,not serious,https://webgate.ec.europa.eu/rasff-window/screen/notification/444464,2020
rasff,2020.4000,20200929,Lead in ginger root organic from Peru,,Peru,Netherlands,spices,information notification for attention — serious,serious,https://webgate.ec.europa.eu/rasff-window/screen/notification/443232,2020
rasff,2020.3805,20200917,Migration of Cadmium and Lead from Glass Mug unknown origin via Hungary,,,Slovakia,tableware,alert notification — serious,serious,https://webgate.ec.europa.eu/rasff-window/screen/notification/441848,2020
rasff,2020.3631,20200908,"Presence of lead, chromium and mercury in counterfeit curcuma from India, imported by Bulgaria",,India,Greece,spices,alert notification — serious,serious,https://webgate.ec.europa.eu/rasff-window/screen/notification/440813,2020
cpsc,20173,20200826,"6"" Plush Aflac Promotional Doctor Duck",,China,,other,The buttons on the lab coat worn by the Doctor Duck contain levels of lead that exceed the federal lead content standard. Lead is toxic if ingested by young children and can cause adverse health issues.,,https://www.cpsc.gov/Recalls/2020/Communicorp-Recalls-Plush-Aflac-Doctor-Duck-Due-to-Violation-of-Federal-Lead-Content-Ban-Lead-Poisoning-Hazard,2020
cpsc,20168,20200819,Super Soaker XP 20 and Super Soaker XP 30,"Hasbro, Inc., of Pawtucket, R.I.",India,,other,The decorative sticker on the water tank of the water blaster toys contain levels of lead in the ink that exceed the federal lead content ban. Lead is toxic if ingested by young children and can cause adverse health effects.,,https://www.cpsc.gov/Recalls/2020/Hasbro-Recalls-Super-Soaker-XP-20-and-XP-30-Water-Blasters-Due-to-Violation-of-Federal-Lead-Content-Ban-Sold-Exclusively-at-Target,2020
rasff,2020.3315,20200818,Migration of aluminium and lead from cooking pot from Senegal,,Senegal,Belgium,tableware,information notification for attention — serious,serious,https://webgate.ec.europa.eu/rasff-window/screen/notification/438167,2020
rasff,2020.3053,20200728,Lead (21 mg/kg - ppm) in magnesium oxide ,,Türkiye,Netherlands,animal_feed,information notification for follow-up — not serious,not serious,https://webgate.ec.europa.eu/rasff-window/screen/notification/436329,2020
rasff,2020.2775,20200708,lead in fodder yeast from Russia,,Russia,Estonia,animal_feed,information notification for attention — undecided,undecided,https://webgate.ec.europa.eu/rasff-window/screen/notification/434501,2020
rasff,2020.2728,20200703,Piombo superiore ai limiti consentiti in muscolo bovino- Lead above the allowed limits in bovine muscle,,Belgium,Italy,food_other,information notification for attention — serious,serious,https://webgate.ec.europa.eu/rasff-window/screen/notification/433823,2020
cpsc,20754,20200702,Cottage Town Bedroom Furniture Collection,"Avalon Furniture, of Houston, Texas",Vietnam,,paint,The base coat paint used on pieces within the furniture collection contains levels of lead that exceed the federal lead paint standard. Lead is toxic if ingested by young children and can cause adverse health effects.,,https://www.cpsc.gov/Recalls/2020/Avalon-Furniture-Recalls-Cottage-Town-Bedroom-Furniture-Sold-at-Rooms-To-Go-Due-to-Violation-of-Federal-Lead-Paint-Ban-Risk-of-Poisoning-Recall-Alert,2020
cpsc,20144,20200701,Cub Scout activity pins,,China,,other,The pin's face and shaft contain levels of lead that exceed the federal lead content ban. Lead is toxic if ingested by young children and can cause adverse health issues.,,https://www.cpsc.gov/Recalls/2020/Boy-Scouts-of-America-Recalls-Cub-Scout-Activity-Pins-Due-to-Violation-of-the-Federal-Lead-Content-Ban,2020
rasff,2020.2164,20200526,To high Content of Lead in Manganese Sulphate Monohydrate from Brasil,,Brazil,Austria,animal_feed,information notification for follow-up — not serious,not serious,https://webgate.ec.europa.eu/rasff-window/screen/notification/430184,2020
fda_food,F-0975-2020,20200515,"Dragonfly brand Galanga Powder;  Net Weight: 5 oz. (142 g)  UPC: 7 21557 53337 6  Product of Thailand    Distributed by U.S. Trading Company,  Hayward, CA 94545-1130","U.S. Tov, Inc.",,United States,other,New York State Dept of Agriculture and Markets tested Galanga Powder and found it to contain lead.,Class II,,2020
cpsc,20113,20200430,Children's Neck Pillows,,China,,toys_children,Paint on the zippers and zipper pulls contains levels of lead that exceed the federal lead paint ban. Lead is toxic if ingested by young children and can cause adverse health effects.,,https://www.cpsc.gov/Recalls/2020/Ximi-Vogue-Recalls-Childrens-Neck-Pillows-Due-to-Violation-of-the-Federal-Lead-Paint-Ban-Risk-of-Poisoning,2020
rasff,2020.1816,20200429,Lead in food supplement from Moldova,,Moldova,Czechia,medicines,information notification for attention — serious,serious,https://webgate.ec.europa.eu/rasff-window/screen/notification/428165,2020
cpsc,20098,20200319,Children's Tool Kits,,China,,toys_children,"The tool belt, hammer and suspenders (model H3044) contain excessive levels of lead, violating the federal lead content standard. In addition, the toy goggles and hardhats do not meet toy safety requirements.",,https://www.cpsc.gov/Recalls/2020/Childrens-Tool-Kits-Recalled-by-Grizzly-Industrial-Due-to-Violation-of-Federal-Lead-Content-Ban-and-Toy-Safety-Requirements,2020
cpsc,20729,20200319,Lilly of New York children's winter boots,"Wenzhou Jinlong Shoes Co., of China",China,,toys_children,The boots' sole contain levels of lead that exceed the federal lead content ban. Lead is toxic if ingested by young children and can cause adverse health issues.,,https://www.cpsc.gov/Recalls/2020/Lilly-of-New-York-Childrens-Winter-Boots-Recalled-by-Kidz-Concepts-Due-to-Violation-of-Federal-Lead-Content-Ban-Sold-Exclusively-at-Zulily-com-Recall-Alert,2020
rasff,2020.1230,20200317,Lead in wild boar meal,,Czechia,Netherlands,animal_feed,alert notification — serious,serious,https://webgate.ec.europa.eu/rasff-window/screen/notification/424900,2020
rasff,2020.0926,20200226,lead in feed yeast from Russia,,Russia,Lithuania,animal_feed,border rejection notification — undecided,undecided,https://webgate.ec.europa.eu/rasff-window/screen/notification/422467,2020
rasff,2020.0641,20200210,"Presence of lead in ground Asparagus roots from Germany, with raw material from Morocco",,Morocco,Netherlands,medicines,alert notification — serious,serious,https://webgate.ec.europa.eu/rasff-window/screen/notification/419594,2020
cpsc,20717,20200206,Patmos Chaise Lounge Chairs,"PT Indigo Mandiri Sejahtera, of Indonesia",Indonesia,,paint,The paint used on the chair's metal frame contains levels of lead that exceed the federal lead paint standard. Lead is toxic if ingested by young children and can cause adverse health effects.,,https://www.cpsc.gov/Recalls/2020/Rooms-To-Go-Recalls-Patmos-Chaise-Lounge-Chairs-Due-to-Violation-of-Federal-Lead-Paint-Ban-Recall-Alert,2020
rasff,2020.0461,20200129,lead in tablets of clay,,Spain,Portugal,medicines,alert notification — serious,serious,https://webgate.ec.europa.eu/rasff-window/screen/notification/418661,2020
cpsc,20712,20200109,Little Bambino 4 in 1 canopy children's tricycles,,China,,toys_children,Paint on the canopy's frame contains levels of lead that exceed the federal lead paint ban and tricycle components contain levels of lead that exceed the federal lead content ban. Lead is toxic if ingested by young children and can cause adverse health issues.,,https://www.cpsc.gov/Recalls/2020/Thesaurus-Global-Marketing-Recalls-Tricycles-Due-to-Violation-of-the-Federal-Lead-Paint-Ban-Risk-of-Poisoning-Sold-Exclusively-at-Amazon-com-Recall-Alert,2020
rasff,2019.3440,20191001,lead in frozen passion fruit puree from France,,France,France,food_other,alert notification — serious,serious,https://webgate.ec.europa.eu/rasff-window/screen/notification/406179,2019
fda_food,F-0100-2020,20190927,CELLECT brand and ESSENTIALS FACTOR Cell Synergy brand Unflavored Powdered Mix Multi-Mineral & Vitamin Supplement NET WT. Approximately 20.4 OZ (1.28 LB) 579g  in white plastic bottles,"Images Unlimited Products, dba Cellect Products",,United States,medicines,Product contains unsafe levels of Arsenic and Lead,Class II,,2019
fda_food,F-2243-2019,20190830,"Publix 8 inch T/S pumpkin pie US; 623g (22 oz. or 1 LB 6 oz.), Carton, 6 units per case",WESTON FOODS (CANADA) INC,,Canada,other,Product contains lead and other pieces of metal sized .5mm -2.0mm.,Class II,,2019
fda_food,F-2242-2019,20190830,Pumpkin Cake Roll - Pumpkin Spice Cake Roll with Creme Filling - Naturally Flavored - 1 CAKE ROLL - NET WT. 18 OZ (1 LB 2 OZ) 510 g; Pumpkin Junior Cake Rolls or Pumpkin Swiss Roll - Pumpkin Spice Cak,WESTON FOODS (CANADA) INC,,Canada,spices,Product contains lead and other pieces of metal sized .5mm -2.0mm.,Class II,,2019
fda_food,F-2241-2019,20190830,"Glazed Pumpkin Cake Donut, 49226, UPC 10020569492266, NET WEIGHT 9.00 LB (4.08 kg), 12/12 OZ PKG PER CASE",WESTON FOODS (CANADA) INC,,Canada,other,Product contains lead and other pieces of metal sized .5mm -2.0mm.,Class II,,2019
cpsc,19197,20190830,Children's chairs and stools,,India,,toys_children,Paint on the chairs and stools contain levels of lead that exceed the federal lead paint ban. Lead is toxic if ingested by young children and can cause adverse health effects.,,https://www.cpsc.gov/Recalls/2019/RH-Recalls-Childrens-Chairs-and-Stools-Due-to-Violation-of-Federal-Lead-Paint-Ban,2019
rasff,2019.3000,20190821,food - official control on the market - alert notification - deer meat - High content of lead - Spain,,Spain,Italy,game_meat,alert notification — serious,serious,https://webgate.ec.europa.eu/rasff-window/screen/notification/405352,2019
fda_food,F-2145-2019,20190816,Ground Cinnamon   4oz plastic container  24 containers per wholesale case,"Kashat Wholesale, Inc.",,United States,spices,positive samples for lead in bulk cinnamon,Class II,,2019
rasff,2019.2754,20190730,food - company's own check - alert notification - organic ginger - High content of lead - china,,China,Netherlands,spices,alert notification — serious,serious,https://webgate.ec.europa.eu/rasff-window/screen/notification/401097,2019
fda_food,F-1947-2019,20190626,Lisy Ground Cinnamon Canela Molida NET WT./CONT. NETO 13 OZ (368g) and 2 OZ (57g),EL Chilar Huff,,United States,spices,Sample collected by NY Department of Agriculture tested positive for high levels of lead (2.39 ppm) in ground cinnamon.,Class II,,2019
fda_food,F-1396-2019,20190502,"HoliCare Metabolism Cleansing (MET-CLS) tablets, 60 count bottle",Life Rising Corporation,,United States,other,High lead levels in products,Class I,,2019
fda_food,F-1394-2019,20190502,"Life Rising Holder-W Holder Warmer capsules, 54 count bottle",Life Rising Corporation,,United States,medicines,High lead levels in products,Class I,,2019
fda_food,F-1395-2019,20190502,"Life Rising NECK-ND Neck Clear capsules, 54 count bottle",Life Rising Corporation,,United States,medicines,High lead levels in products,Class II,,2019
fda_food,F-2099-2019,20190411,"BALQEES SPICES, Yemeni Spices Mix, NET WEIGHT: 230g (1/2 lb.) and 454 grams (1lb.) clear plastic container and 5 lbs. clear plastic bag. Distributed By: Makzemo LLC, 7304 5th Avenue # 112, Brooklyn, N",Makzemo LLC,,United States,spices,Product contains high levels of lead.,Class I,,2019
fda_food,F-1160-2019,20181204,"Diatomaceous Earth packaged in the following ways:    1) Perma-Guard, Fossil Shell Flour, Anti-caking agent, Food Chemical Codex Grade, Weight: 50 lb/22.6 kg, Bountiful, UT;    2) 100% Food Grade Diat",Earthworks Health,,United States,other,"Product contains elevated levels of lead, arsenic, and chromium: potentially harmful metals.",Class II,,2018
cpsc,19717,20181115,Metal-wrapped coffee tables,"Heritage Creations, of Gurgaon, India",India,,other,The tables' metal top can contain lead and presents a risk of lead exposure to children. Lead is toxic if ingested and can cause adverse health effects.,,https://www.cpsc.gov/Recalls/2019/RH-Recalls-MetalWrapped-Coffee-Tables-Due-to-Risk-of-Lead-Exposure-Recall-Alert,2018
cpsc,19034,20181108,Girl's clothing sets with pendant necklace,"Ningbo Younker Fashion Accessory Industrial Corporation, of China",China,,jewelry,The metal pendant on the necklace contains levels of lead that exceed the federal lead content ban. Lead is toxic if ingested by young children and can cause adverse health issues.,,https://www.cpsc.gov/Recalls/2019/HIS-Recalls-Girls-Clothing-Sets-Due-to-Violation-of-Federal-Lead-Content-Ban,2018
cpsc,19709,20181026,INNOCHEER children's musical instruments sets,"Creative Sto, of China",China,,toys_children,"Paint on the maracas, xylophone and carrying case contains levels of lead that exceed the federal lead paint ban. Lead is toxic if ingested by young children and can cause adverse health issues.",,https://www.cpsc.gov/Recalls/2019/Childrens-Toy-Instrument-Sets-Recalled-Due-to-Violation-of-the-Federal-Lead-Paint-Ban-Made-by-Creative-Sto-and-Sold-Exclusively-at-Amazon-com-Recall-Alert,2018
fda_food,F-0696-2019,20181023,"Curry powder packaged under bulk, retail, and food service labels.     Bulk:     CURRY POWDER Net Weight 55 LBS, DISTRIBUTED BY SIROB IMPORTS LINDENHURST, NEW YORK USA (sold in a 55 pound bag)    Pack","Sirob Imports, Inc.",,United States,spices,Products may contain elevated levels of lead.,Class I,,2018
fda_food,F-0697-2019,20181023,"FC Finest Choice Hot Curry Powder, Packed By SIROB IMPORTS, INC. packaged in a 50 pound box.","Sirob Imports, Inc.",,United States,spices,Products may contain elevated levels of lead.,Class I,,2018
fda_food,F-0716-2019,20181019,Baraka Mild Curry Powder packed in 7 oz. Plastic Jar,U.B.C. Food Distributors INC.,,United States,spices,UBC FOOD Distributors initiated a voluntary recall of Baraka Hot and Mild Curry Powder packed in 7 oz. plastic tubs due to high levels of lead found in the products.,Class I,,2018
fda_food,F-0715-2019,20181019,Baraka Hot Curry Powder packed in 7 OZ Plastic Jar,U.B.C. Food Distributors INC.,,United States,spices,UBC FOOD Distributors initiated a voluntary recall of Baraka Hot and Mild Curry Powder packed in 7 oz. plastic tubs due to high levels of lead found in the products.,Class I,,2018
fda_food,F-0408-2019,20181001,Toxin Absorber with Organic Ginger Root - 14 packets and 30 packets,NUTRANEXT BUSINESS LLC,,United States,other,"Routine quality testing identified elevated levels of lead above applicable 2232 levels, which may pose potential health risks to a portion of the population.",Class II,,2018
fda_food,F-0413-2019,20181001,Internal Cleansing Kit Ginger,NUTRANEXT BUSINESS LLC,,United States,other,"Routine quality testing identified elevated levels of lead above applicable 2232 levels, which may pose potential health risks to a portion of the population.",Class II,,2018
fda_food,F-0415-2019,20181001,Parasite Cleansing Kit Peppermint,NUTRANEXT BUSINESS LLC,,United States,spices,"Routine quality testing identified elevated levels of lead above applicable 2232 levels, which may pose potential health risks to a portion of the population.",Class II,,2018
fda_food,F-0410-2019,20181001,Colon Cleansing Kit Ginger,NUTRANEXT BUSINESS LLC,,United States,other,"Routine quality testing identified elevated levels of lead above applicable 2232 levels, which may pose potential health risks to a portion of the population.",Class II,,2018
fda_food,F-0412-2019,20181001,Internal Cleansing Kit Peppermint,NUTRANEXT BUSINESS LLC,,United States,spices,"Routine quality testing identified elevated levels of lead above applicable 2232 levels, which may pose potential health risks to a portion of the population.",Class II,,2018
fda_food,F-0409-2019,20181001,Toxin Absorber with Organic Peppermint Leaf - 14 packets and 30 packets,NUTRANEXT BUSINESS LLC,,United States,spices,"Routine quality testing identified elevated levels of lead above applicable 2232 levels, which may pose potential health risks to a portion of the population.",Class II,,2018
fda_food,F-0411-2019,20181001,Colon Cleansing Kit Peppermint,NUTRANEXT BUSINESS LLC,,United States,spices,"Routine quality testing identified elevated levels of lead above applicable 2232 levels, which may pose potential health risks to a portion of the population.",Class II,,2018
fda_food,F-0414-2019,20181001,Parasite Cleansing Kit Ginger,NUTRANEXT BUSINESS LLC,,United States,other,"Routine quality testing identified elevated levels of lead above applicable 2232 levels, which may pose potential health risks to a portion of the population.",Class II,,2018
fda_food,F-0061-2019,20180928,"Blackwing Meats. Inc., Ground Venison, 10/1lb,  packed in cardboard sleeve/ roll stock film inside, in aRetail Box.","BLACKWING ORGANIC MEATS, INC.",,United States,other,"Blackwing Meats. Inc. is voluntarily recalling Blackwing Venison Ground, 10/1lb. in a Retail Box due to high levels of lead.",Class II,,2018
cpsc,18239,20180926,Neckerchief slides,"Strategic Orient Sourcing, of China",China,,other,The colored enamel on the neckerchief slides contains levels of lead that exceed the federal lead content ban. Lead is toxic if ingested by young children and can cause adverse health issues.,,https://www.cpsc.gov/Recalls/2018/Boy-Scouts-of-America-Recalls-Neckerchief-Slides-Due-to-Violation-of-Federal-Lead-Content-Ban,2018
cpsc,18214,20180905,Rust-Oleum black satin countertop coating,"Rust-Oleum Corp., of Vernon Hills, Ill.",United States,,paint,The countertop coating contains levels of lead that exceed the federal lead paint ban. Lead is toxic if ingested by young children and can cause adverse health issues.,,https://www.cpsc.gov/Recalls/2018/Rust-Oleum-Recalls-Countertop-Coating-Due-to-Violation-of-Federal-Lead-Paint-Ban,2018
cpsc,18763,20180829,Rubber critter toys,,China,,toys_children,The orange and yellow surface paint on the rubber critter toys contains levels of lead that exceed the federal lead paint ban. Lead is toxic if ingested by young children and can cause adverse health issues.,,https://www.cpsc.gov/Recalls/2018/BSN-SPORTS-Recalls-Rubber-Critter-Toys-Due-to-Violation-of-Federal-Lead-Paint-Ban-Recall-Alert,2018
cpsc,18738,20180419,Reduce Hydro Pro water bottles,,China,,paint,The pink paint on the outside of the bear water bottle contains levels of lead that exceed the federal lead paint standard. Lead is toxic if ingested by young children and can cause adverse health issues.,,https://www.cpsc.gov/Recalls/2018/Base-Brands-Recalls-Water-Bottles-Due-to-Violation-of-Lead-Paint-Standard-Recall-Alert,2018
fda_food,F-1409-2018,20180418,"Asian Best, Tamarind Candy   Net Weight: 4 oz.  Units Per Carton: 72 units",Eastland Food Corporation,,United States,sweets,"Eastland Food Corporation out an abundance of caution has decided to initiate a product recall of  all Asian Best, Tamarind Candy ( UPC: 083737158008 ) and  Tamarind Candy Hot Flavor ( UPC: 083737158022 ) due to   elevated levels of lead (0.15 ppm) when compared against FDA s action level of 0.1 ppm",Class II,,2018
fda_food,F-1408-2018,20180418,"Asian Best, Tamarind Candy Hot Flavor   Net Weight: 4 oz.  Units Per Carton: 72 units",Eastland Food Corporation,,United States,sweets,"Eastland Food Corporation out an abundance of caution has decided to initiate a product recall of  all Asian Best, Tamarind Candy ( UPC: 083737158008 ) and  Tamarind Candy Hot Flavor ( UPC: 083737158022 ) due to   elevated levels of lead (0.15 ppm) when compared against FDA s action level of 0.1 ppm",Class II,,2018
fda_food,F-1007-2018,20180330,"Original Smoked Oysters, packaged in vacuum pouches, net wt. 2.25 oz. or 16 oz..  UPC 47094 20002",Taylor Shellfish Co,,United States,other,"Original Smoked Oysters, packaged in vacuum pouches, are recalled because the product is not intended to be packaged in a vacuum pouch. This product is cold smoked and low salt and will not meet the minimum standard of Water Phase Salt % for vacuum pouch processing or consumption. Consumption of thi",Class II,,2018
cpsc,17762,20170816,Batteries in refurbished cellphones,,,,other,"The cellphone battery can overheat, posing fire and burn hazards.",,https://www.cpsc.gov/Recalls/2017/FedEx-Supply-Chain-Recalls-Cellphone-Batteries-Recall-Alert,2017
cpsc,17164,20170523,"Temani ivory wicker chair, settee and ottoman","PT Gimex Furniture Manufacturing Co., of Indonesia",Indonesia,,paint,"The paint used on the wicker furniture can contain excessive levels of lead, which is a violation of the federal lead paint standard.",,https://www.cpsc.gov/Recalls/2017/Pier-1-Imports-Recalls-Temani-Wicker-Furniture,2017
fda_food,F-2167-2017,20170330,"Life Rising Formulas SHT Chest Relief, 54 Capsules; Manufactured for: Nature's Health (USA) Chicago, IL 60616",Ton Shen Health Inc,,United States,medicines,Product potentially contaminated with lead.,Class I,,2017
fda_food,F-2180-2017,20170317,"Nabelsi Thyme (also known on invoices as Zatar)  450g retail (24 packages per wholesale case)   4.5kg retail (2 bags per wholesale case)  Cardboard box wholesale case, retail packages flexible plastic",Aroma Imports Inc,,United States,other,Elevated lead levels in product,Class I,,2017
cpsc,17090,20170221,Piano benches sold with Yamaha grand piano,,Indonesia,,paint,The paint on the piano bench's interior compartment contains an excessive level of lead. This is a violation of the federal lead paint standard.,,https://www.cpsc.gov/Recalls/2017/Yamaha-Corporation-of-America-Recalls-Benches-Sold-With-Grand-Pianos,2017
cpsc,17085,20170210,Metal top dining tables,,India,,other,The table's metal top can contain lead and presents a risk of lead exposure to children. Lead is toxic if ingested and can cause adverse health effects.,,https://www.cpsc.gov/Recalls/2017/Restoration-Hardware-Recalls-Metal-Top-Dining-Tables,2017
cpsc,17723,20170110,Kids toy shovels and garden tool sets,,India,,toys_children,"Excessive lead paint levels on the yellow shank and black blade on the shovel, and the black paint on the garden tool set violates the federal lead paint standard. In addition, the black plastic shovel handle and bag clip on the garden tool drawstring bag contain excessive lead content levels, a vio",,https://www.cpsc.gov/Recalls/2017/Active-Kyds-Recalls-Childrens-Toy-Shovels-and-Garden-Tool-Sets,2017
fda_food,F-1742-2017,20161207,"Ocho-Rios Mild Curry Powder, 5 lb.  Manufactured by Oriental Packing Co.","Oriental Packing Co., Inc.",,United States,spices,Product contains lead.,Class I,,2016
fda_food,F-1739-2017,20161207,"Oriental Jamaican Hot Curry Powder, 50 lb bulk.  Manufactured by Oriental Packing Co.","Oriental Packing Co., Inc.",,United States,spices,Product contains lead.,Class I,,2016
fda_food,F-1740-2017,20161207,"Ocho-Rios Jamaican Nice Mild Curry Powder, 4 oz.  Manufactured by Oriental Packing Co.","Oriental Packing Co., Inc.",,United States,spices,Product contains lead.,Class I,,2016
fda_food,F-1741-2017,20161207,"Ocho-Rios Jamaican Nice Hot Curry Powder, 4 oz.  Manufactured by Oriental Packing Co.","Oriental Packing Co., Inc.",,United States,spices,Product contains lead.,Class I,,2016
fda_food,F-1623-2017,20161028,"Life Rising TT Side Head Regulator, Chinese Herbal Supplement, 60 Tablets; Manufactured for: Ton Shen Health (USA), Chicago, IL, 60616; Made in China",Life Rising Corp                                    S,,United States,medicines,High levels of lead discovered in product.,Class I,,2016
fda_food,F-0228-2017,20160916,National Foods Packaging Low Sodium Chicken Base in 50 lb white poly-lined paper bags,National Foods Packaging Inc,,United States,other,Product contains a spice which was tested and found to contain elevated levels of lead.,Class III,,2016
fda_food,F-0227-2017,20160916,National Foods Packaging Chicken Base in 25 lb white poly-lined paper bags,National Foods Packaging Inc,,United States,other,Product contains a spice which was tested and found to contain elevated levels of lead.,Class III,,2016
fda_food,F-0226-2017,20160916,Hillcrest Farms Poultry Gravy Mix in 25lb brown poly-lined bags,National Foods Packaging Inc,,United States,other,Product contains a spice which was tested and found to contain elevated levels of lead.,Class III,,2016
fda_food,F-1624-2017,20160914,"Product is packaged in a white plastic bottle with green lettering.  The label reads in part LIFE RISING, Chinese Herbal Supplement, BRAIN-ECM, Brain E-Calm, 54 Capsules, Life Rising to Higher Well Be",Life Rising Corp                                    S,,United States,medicines,The dietary supplement Brain ECM contains lead.,Class I,,2016
cpsc,16251,20160825,M&M'S®-branded jewelry,,Vietnam,,jewelry,The jewelry can contain high levels of lead. Lead is toxic if ingested by young children and can cause adverse health issues.,,https://www.cpsc.gov/Recalls/2016/Mars-Retail-Group-Recalls-MMs-Branded-Jewelry,2016
fda_food,F-1640-2017,20160817,"Tasty Sawa Ground Turmeric, 50 lb bag.  Manufactured by Spices USA.",Spices USA Inc.,,United States,spices,Product contains elevated levels of lead.,Class I,,2016
fda_food,F-1617-2017,20160802,"Mild Jerk Curry Powder. Packaged under name Ocho Rios Mild Jerk Curry Seasoning. Sold as 2 oz, 4 oz, 6 oz, 8 oz, 22 oz, and 5 lb.","Oriental Packing Co., Inc.",,United States,spices,Product samples tested positive for lead.  Finished curry products tested and ground turmeric ingredient used to manufacture the curry seasoning also tested positive for lead.,Class I,,2016
fda_food,F-1615-2017,20160802,"Mild Curry Powder. Packaged under the names: Blue Mountain Country Jamaican Curry Powder, Jamaican Choice Jamaican Curry Powder, Ocho Rios Jamaica Nice Curry Powder Seasoning, Ocho Rios Jamaican Style","Oriental Packing Co., Inc.",,United States,spices,Product samples tested positive for lead.  Finished curry products tested and ground turmeric ingredient used to manufacture the curry seasoning also tested positive for lead.,Class I,,2016
fda_food,F-1613-2017,20160802,"Ground Turmeric packaged as follows:  a) FOOD LOCKER(R) , 16 oz, PHENIX FOOD SERVICE, PHENIX CITY, AL  36867  b) Ground Turmeric, Net Wt. 4 oz.,",J M Exotic Foods Inc,,United States,spices,The firm received a notice from their supplier that a sample of ground turmeric was tested and found to have elevated levels of lead.,Class I,,2016
fda_food,F-1614-2017,20160802,"Hot/Spicy Curry Powder. Packaged under the names: Blue Mountain Country Hot Jamaican Curry Powder, Jamaican Choice Jamaican Hot Curry Powder, Ocho Rios Jamaica Nice Spicy Hot Curry Powder Seasoning, O","Oriental Packing Co., Inc.",,United States,spices,Product samples tested positive for lead.  Finished curry products tested and ground turmeric ingredient used to manufacture the curry seasoning also tested positive for lead.,Class I,,2016
fda_food,F-1616-2017,20160802,"Hot/Spicy Jerk Curry Powder. Packaged under the names: Blue Mountain Country Hot Jamaican Jerk Curry Seasoning & Ocho Rios Spicy Jerk Curry Seasoning. Sold as 2 oz, 4 oz, 6 oz, 8 oz,  22 oz, and 5 lb.","Oriental Packing Co., Inc.",,United States,spices,Product samples tested positive for lead.  Finished curry products tested and ground turmeric ingredient used to manufacture the curry seasoning also tested positive for lead.,Class I,,2016
fda_food,F-1725-2017,20160801,"The product is packaged in a white plastic bottle with green lettering. The label reads in part ""LIFE RISING DHZC-2, blood circulation regulator (lower abdomen), Chinese Herbal Supplement, 60 tablets,",Life Rising Corp                                    S,,United States,medicines,The dietary supplement contains lead.,Class I,,2016
fda_food,F-1612-2017,20160728,"1) Ground Tumeric item #73535 Net Wt 50 lbs  Distributed by Gel Spice Co., Inc 48 Hook Road,   Bayonne, NJ 07002    2) Spice Supreme Ground Turmeric Net Wt 2 oz. (56 g)  Packed in the USA by Gel Spice","Gel Spice Co, Inc.",,United States,spices,Ground Turmeric may contain excess levels of lead.,Class I,,2016
cpsc,16228,20160719,Silver bracelets and charm necklaces,"Things Remembered, Inc., of Highland Heights, Ohio",China,,toys_children,The clear surface coating on the bracelets and necklaces contain lead in excess of the allowable limit. Lead is toxic if ingested by young children and can cause adverse health issues.,,https://www.cpsc.gov/Recalls/2016/Things-Remembered-Recalls-Childrens-Jewelry,2016
cpsc,16227,20160719,Kids' insulated water bottles,,China,,toys_children,The lead solder at the exterior base of the bottle contains high levels of lead. Lead is toxic if ingested by young children and can cause adverse health issues.,,https://www.cpsc.gov/Recalls/2016/GSI-Outdoors-Recalls-Childrens-Water-Bottles,2016
cpsc,16188,20160609,Chairs and swings,"Zhejiang Haifu Leisure Products Co. Ltd., of China",China,,toys_children,"The screen-printing on the fabric of the chairs and swings contains excessive levels of lead, which is a violation of the federal lead paint standard.",,https://www.cpsc.gov/Recalls/2016/Far-East-Brokers-Recalls-Childrens-Chairs-and-Swings,2016
cpsc,16186,20160602,Cra-Z-Jewelz Gem Creations,,China,,jewelry,"The ""Slider Bracelet"" in the jewelry making kit contains high levels of lead. Lead is toxic if ingested by young children and can cause adverse health issues.",,https://www.cpsc.gov/Recalls/2016/LaRose-Industries-Recalls-Cra-Z-Jewelz-Ultimate-Gem-Jewelry-Machine,2016
fda_food,F-1245-2016,20160311,"Imperial Choice Mandarin Oranges Broken Segments in Light Syrup; Net WT. 11 oz.; Imported by Acme Food Sales, Seattle, WA 98108; Product of China;     4200/01029; PRO: DEC 21, 2013; Best By: Dec 21, 2",Greater Pittsburgh Community Food Bank,,United States,other,"Greater Pittsburgh Community Food Bank is announcing  a voluntary recall of one lot of Imperial Choice Mandarin Oranges Broken Segments in Light  Syrup because some of the cans from this lot may leak, bulge or burst open. The product may  be contaminated by spoilage organisms or pathogens, which cou",Class III,,2016
cpsc,16094,20160204,Monkey Glockenspiel,,Israel,,toys_children,"The pink metal note bar on the glockenspiel may contain excessive levels of lead in the paint, violating the federal lead paint standard. If the paint is scraped off and ingested lead can cause adverse health effects.",,https://www.cpsc.gov/Recalls/2016/KHS-America-Recalls-Childrens-Musical-Instrument,2016
fda_food,F-1835-2016,20160112,"Ice Nuggets, 10 lb plastic bag, UPC 3977919140.","Kwik Trip, Inc.",,United States,other,Kwik Trip Inc reported a plastic fan broke which lead to pieces of plastic contaminating the ice.,Class II,,2016
fda_food,F-0624-2016,20151028,"Labeled ""CSFISHERY COMMUNITY SUPPORTED FISHERY Wild Albacore Tuna, 64 oz.., Ingredients:  Oregon Albacore Tuna, Sea Salt""    Label is black ink on an off white label.    No UPC","CSFPDX, LLC",,United States,other,This voluntary recall was initiated after the manufacturing firm notified the recalling firm that products were possibly under- processed. Under-processed seafood could lead to contamination with Clostridium botulinum.,Class II,,2015
cpsc,16022,20151028,Avengers and Darth Vader Themed Water Bottles,"Amax Enterprises (HK) Limited, of China",China,,paint,"The gray paint on the metal portion of the water bottle can contain excessive levels of lead, violating the federal lead paint standard.",,https://www.cpsc.gov/Recalls/2016/Pottery-Barn-Kids-Recalls-Avengers-and-Darth-Vader-Water-Bottles,2015
fda_food,F-0388-2016,20151009,"Canned Steelhead with paper label reading in part:  ***SKIPANON BRAND SEAFOOD FANCY STEELHEAD***Ingredients:  Farm-Raised Steelhead, Sea Salt NET WT. 6 OZ. (170g)***""     UPC:  58071 00141  Can code b",Skipanon Brand Seafoods LLC,,United States,other,"All cans and pouches of Skipanon Brand seafood, including steelhead trout products are being recalled due to lack of documentation and possible under-processed product.  Under-processed seafood could lead to contamination with Clostridium botulinum.",Class II,,2015
fda_food,F-0382-2016,20151009,"Canned Albacore Tuna Bellies with paper label reading in part:  ***SKIPANON BRAND SEAFOOD ALBACORE TUNA BELLIES or Ventresca***Ingredients:  Albacore Tuna Bellies, Sea Salt, Spanish Olive Oil***NET WT",Skipanon Brand Seafoods LLC,,United States,other,"All cans and pouches of Skipanon Brand seafood, including  tuna bellies products are being recalled due to lack of documentation and possible under-processed product.  Under-processed seafood could lead to contamination with Clostridium botulinum.",Class II,,2015
fda_food,F-0385-2016,20151009,"Canned Smoked Chinook Salmon with paper label reading in part:  ""***SKIPANON BRAND SEAFOOD SMOKED CHINOOK SALMON***Ingredients:  Salmon, Sea Salt, Brown Sugar Natural Hardwood Smoke. Net wt. 5 1/2 oz.",Skipanon Brand Seafoods LLC,,United States,other,"All cans and pouches of Skipanon Brand seafood, including smoked salmon products are being recalled due to lack of documentation and possible under-processed product.  Under-processed seafood could lead to contamination with Clostridium botulinum.",Class II,,2015
fda_food,F-0384-2016,20151009,"Canned Smoked Coho Salmon with paper label reading in part:  ***SKIPANON BRAND SEAFOOD SMOKED COHO SALMON***Ingredients:  Coho Salmon, Sea Salt, Brown Sugar, Natural Hardwood Smoke.  NET wt. 5.5 oz. (",Skipanon Brand Seafoods LLC,,United States,other,"All cans and pouches of Skipanon Brand seafood, including smoked salmon products are being recalled due to lack of documentation and possible under-processed product.  Under-processed seafood could lead to contamination with Clostridium botulinum.",Class II,,2015
fda_food,F-0386-2016,20151009,"COLUMBIA RIVER SOCKEYE (Old label)  Canned Sockeye Salmon with paper label reading in part:  ***SKIPANON BRAND DELUXE HANDFILLED COLUMBIA RIVER SOCKEYE*** Ingredients:  Sockeye Salmon, Salt  NET WT. 6",Skipanon Brand Seafoods LLC,,United States,other,"All cans and pouches of Skipanon Brand seafood, including salmon products are being recalled due to lack of documentation and possible under-processed product.  Under-processed seafood could lead to contamination with Clostridium botulinum.",Class II,,2015
fda_food,F-0387-2016,20151009,"Canned Smoked Sockeye Salmon with paper label reading in part:  ***SKIPANON BRAND SEAFOOD SMOKED SOCKEYE SALMON***Ingredients:  Sockeye Salmon, Sea Salt, Brown Sugar, Natural Hardwood Smoke.  NET wt. ",Skipanon Brand Seafoods LLC,,United States,other,"All cans and pouches of Skipanon Brand seafood, including smoked salmon products are being recalled due to lack of documentation and possible under-processed product.  Under-processed seafood could lead to contamination with Clostridium botulinum.",Class II,,2015
fda_food,F-0378-2016,20151009,"Albacore Tuna in gold pouches with stick-on label reading in part:  ***SKIPANON BRAND SEAFOOD ALBACORE TUNA***INGREDIENTS:  Albacore Tuna, Sea Salt.  NET WT. 48 OZ. ***""  UPC:  58071 00148  Code on po",Skipanon Brand Seafoods LLC,,United States,other,"All cans and pouches of Skipanon Brand seafood, including  tuna products are being recalled due to lack of documentation and possible under-processed product.  Under-processed seafood could lead to contamination with Clostridium botulinum.",Class II,,2015
fda_food,F-0389-2016,20151009,"Canned Peppered Smoked Steelhead with paper label reading in part:  ***SKIPANON BRAND SEAFOOD Peppered SMOKED STEELHEAD***Ingredients:  Farm-Raised Steelhead, Sea Salt, Brown Sugar, Cracked Peppercorn",Skipanon Brand Seafoods LLC,,United States,spices,"All cans and pouches of Skipanon Brand seafood, including smoked steelhead trout products are being recalled due to lack of documentation and possible under-processed product.  Under-processed seafood could lead to contamination with Clostridium botulinum.",Class II,,2015
fda_food,F-0392-2016,20151009,"Canned Sockeye Salmon with paper label reading in part:  ***SKIPANON BRAND SEAFOOD SMOKED STEELHEAD***Ingredients:  Farm-Raised Steelhead, Sea Salt, Brown Sugar, Natural Hardwood Smoke.  NET WT. 5 1/2",Skipanon Brand Seafoods LLC,,United States,other,"All cans and pouches of Skipanon Brand seafood, including smoked steelhead trout products are being recalled due to lack of documentation and possible under-processed product.  Under-processed seafood could lead to contamination with Clostridium botulinum.",Class II,,2015
fda_food,F-0381-2016,20151009,"Canned Smoked Peppered Chinook Salmon with paper label reading in part:  ***SKIPANON BRAND SEAFOOD Peppered SMOKED CHINOOK SALMON Ingredients:  Salmon, Sea Salt, Brown Sugar, Cracked Peppercorns, Natu",Skipanon Brand Seafoods LLC,,United States,spices,"All cans and pouches of Skipanon Brand seafood, including smoked peppered salmon products are being recalled due to lack of documentation and possible under-processed product.  Under-processed seafood could lead to contamination with Clostridium botulinum.",Class II,,2015
fda_food,F-0383-2016,20151009,"Canned Coho Salmon with paper label reading in part:  ***SKIPANON BRAND SEAFOOD COHO SALMON***Ingredients:  Coho Salmon, Sea Salt  NET WT. 6 OZ. (170g)***""  UPC:  58071 00119  Can code beginning with ",Skipanon Brand Seafoods LLC,,United States,other,"All cans and pouches of Skipanon Brand seafood, including salmon products are being recalled due to lack of documentation and possible under-processed product.  Under-processed seafood could lead to contamination with Clostridium botulinum.",Class II,,2015
fda_food,F-0379-2016,20151009,"Canned Chinook Salmon with paper label reading in part:  ***SKIPANON BRAND SEAFOOD CHINOOK SALMON***Ingredients:  Chinook Salmon, Sea Salt NET WT. 6 OZ. (170g)***""     UPC:  58071 00118  Can code begi",Skipanon Brand Seafoods LLC,,United States,other,"All cans and pouches of Skipanon Brand seafood, including salmon products are being recalled due to lack of documentation and possible under-processed product.  Under-processed seafood could lead to contamination with Clostridium botulinum.",Class II,,2015
fda_food,F-0391-2016,20151009,"Canned Sockeye Salmon with paper label reading in part:  ***SKIPANON BRAND SEAFOOD SOCKEYE SALMON***INGREDIENTS:  Sockeye Salmon, Sea Salt.  NET WT. 6 OZ. (170g)***""     UPC:  58071 00120  Code beginn",Skipanon Brand Seafoods LLC,,United States,other,"All cans and pouches of Skipanon Brand seafood, including salmon products are being recalled due to lack of documentation and possible under-processed product.  Under-processed seafood could lead to contamination with Clostridium botulinum.",Class II,,2015
fda_food,F-0380-2016,20151009,"Label reads in part ""***SKIPANON BRAND SEAFOOD SMOKED ALBACORE TUNA***INGREDIENTS:  Albacore Tuna, Sea Salt, Brown Sugar, Natural Hardwood Smoke.  NET WT. 5.5 OZ. (156g) ***""    UPC:  58071 00116  Can",Skipanon Brand Seafoods LLC,,United States,other,"All cans and pouches of Skipanon Brand seafood, including smoked tuna products are being recalled due to lack of documentation and possible under-processed product.  Under-processed seafood could lead to contamination with Clostridium botulinum.",Class II,,2015
fda_food,F-0390-2016,20151009,"Canned Smoked Sturgeon with paper label reading in part:  ***SKIPANON BRAND SEAFOOD SMOKED STURGEON***INGREDIENTS:  Sturgeon, Sea Salt, Brown Sugar Natural Hardwood Smoke.  NET WT. 5.5 OZ. (156g)***"" ",Skipanon Brand Seafoods LLC,,United States,other,"All cans and pouches of Skipanon Brand seafood, including smoked sturgeon products are being recalled due to lack of documentation and possible under-processed product.  Under-processed seafood could lead to contamination with Clostridium botulinum.",Class II,,2015
cpsc,15229,20150902,Pink Giraffe Animal Purse,"Wan Le Xiang Bao Shang hang, of Yiwu, China",China,,paint,"The red paint on the zipper contains excessive levels of lead, violating the federal lead paint standard.",,https://www.cpsc.gov/Recalls/2015/Imagine-Nation-Books-Recalls-Pink-Giraffe-Animal-Purse,2015
fda_food,F-1814-2017,20150827,"Baidyanath brand Agnitundi Bati, Dietary Supplement, 80  Tablets -- Product of India --- Mfd in India - Shree Baidyanath Ayurved Bhawan (P) Ltd. 1 Gupta Lane, Kolkata 700006","Butala Emporium, Inc.",,United States,medicines,"The dietary supplements were found to contain lead,  mercury and/or arsenic at levels exceeding permissible limits.",Class I,,2015
fda_food,F-1812-2017,20150827,"Baidyanath brand Shankh Bati, Dietary Supplement, 80  Tablets -- Product of India --- Mfd in India - Shree Baidyanath Ayurved Bhawan (P) Ltd. 1 Gupta Lane, Kolkata 700006","Butala Emporium, Inc.",,United States,medicines,"The dietary supplements were found to contain lead,  mercury and/or arsenic at levels exceeding permissible limits.",Class I,,2015
fda_food,F-1816-2017,20150827,"Baidyanath brand Brahmi Bati, Dietary Supplement, 80  Tablets -- Product of India --- Mfd in India - Shree Baidyanath Ayurved Bhawan (P) Ltd. 1 Gupta Lane, Kolkata 700006","Butala Emporium, Inc.",,United States,medicines,"The dietary supplements were found to contain lead,  mercury and/or arsenic at levels exceeding permissible limits.",Class I,,2015
fda_food,F-1810-2017,20150827,"Baidyanath brand Rajahpravartini Bati, Dietary Supplement, 80  Tablets -- Product of India --- Mfd in India - Shree Baidyanath Ayurved Bhawan (P) Ltd. 1 Gupta Lane, Kolkata 700006","Butala Emporium, Inc.",,United States,medicines,"The dietary supplements were found to contain lead,  mercury and/or arsenic at levels exceeding permissible limits .",Class I,,2015
fda_food,F-1817-2017,20150827,"Baidyanath brand Gaisantak Bati, Dietary Supplement, 80  Tablets -- Product of India --- Mfd in India - Shree Baidyanath Ayurved Bhawan (P) Ltd. 1 Gupta Lane, Kolkata 700006","Butala Emporium, Inc.",,United States,medicines,"The dietary supplements were found to contain lead,  mercury and/or arsenic at levels exceeding permissible limits.",Class I,,2015
fda_food,F-1818-2017,20150827,"Baidyanath brand Chitrakadi Bati, Dietary Supplement, 80  Tablets -- Product of India --- Mfd in India - Shree Baidyanath Ayurved Bhawan (P) Ltd. 1 Gupta Lane, Kolkata 700006","Butala Emporium, Inc.",,United States,medicines,"The dietary supplements were found to contain lead,  mercury and/or arsenic at levels exceeding permissible limits.",Class I,,2015
fda_food,F-1815-2017,20150827,"Baidyanath brand Arogyavardhini Bati, Dietary Supplement, 80  Tablets -- Product of India --- Mfd in India - Shree Baidyanath Ayurved Bhawan (P) Ltd. 1 Gupta Lane, Kolkata 700006","Butala Emporium, Inc.",,United States,medicines,"The dietary supplements were found to contain lead,  mercury and/or arsenic at levels exceeding permissible limits.",Class I,,2015
fda_food,F-1809-2017,20150827,"Baidyanath brand Sarivadi Bati, Dietary Supplement, 80  Tablets -- Product of India --- Mfd in India - Shree Baidyanath Ayurved Bhawan (P) Ltd. 1 Gupta Lane, Kolkata 700006","Butala Emporium, Inc.",,United States,medicines,"The dietary supplements were found to contain lead,  mercury and/or arsenic at levels exceeding permissible limits .",Class I,,2015
fda_food,F-1811-2017,20150827,"Baidyanath brand Saptamrit Lauh, Dietary Supplement, 80  Tablets -- Product of India --- Mfd in India - Shree Baidyanath Ayurved Bhawan (P) Ltd. 1 Gupta Lane, Kolkata 700006","Butala Emporium, Inc.",,United States,medicines,"The dietary supplements were found to contain lead,  mercury and/or arsenic at levels exceeding permissible limits.",Class I,,2015
fda_food,F-1813-2017,20150827,"Baidyanath brand Marichyadi Bati, Dietary Supplement, 80  Tablets -- Product of India --- Mfd in India - Shree Baidyanath Ayurved Bhawan (P) Ltd. 1 Gupta Lane, Kolkata 700006","Butala Emporium, Inc.",,United States,medicines,"The dietary supplements were found to contain lead,  mercury and/or arsenic at levels exceeding permissible limits.",Class I,,2015
fda_food,F-0025-2016,20150814,Caravelle ABC Cookies  Banh Chu  NET WT: 7oz (200gr)  Product of Vietnam,Anhing Corporation,,United States,other,"Anhing Corporation is recalling Caravelle ABC Cookies because recent analysis revealed each cookie contained a lead level of 0.13 ppm and 13 ppm per labeled serving size.  In addition the label did not declare flour as wheat flour, and stated the product contained vegetable oil when it was refined c",Class II,,2015
cpsc,15172,20150625,Little Digger Toy,"Intradin Import & Export Co., Ltd., of Shanghai, China",China,,toys_children,"The red paint on the Little Digger toy frame contains excessive levels of lead, which is prohibited under federal law.",,https://www.cpsc.gov/Recalls/2015/Northern-Tool-and-Equipment-Recalls-Little-Digger-Toy,2015
fda_food,F-2768-2015,20150511,"Fruit Juice Candy Bonbons de Jus de Fruits, Net Wt 8 oz (227g), UPC Code 6 923648 832113, Manufacturer. Jin Shun FA Food Co., Ltd. 147 community shops Southwest District Luoshan Street Jinjiang of Fuj",Fine Land Corp,,United States,sweets,The Florida Dept of Agriculture sample tested positive for lead at concentration of 0.226 ppm (ug/g).,Class II,,2015
cpsc,15131,20150508,"Cribs, furniture and accessories with vintage gray paint finish","Baby's Dream Furniture Inc., of Buena Vista, Ga.",Chile,,toys_children,"The vintage gray paint on the cribs, furniture, and accessories exceeds federal lead limits. If ingested, lead can cause adverse health effects.",,https://www.cpsc.gov/Recalls/2015/Babys-Dream-Recalls-Cribs-and-Furniture,2015
cpsc,15728,20150415,Wheelies semi-truck with six motorcycles and push-along motorcycle with rider.,"ShanTou MeiTian Trading Co, Ltd, AmerEuro Trading Limited",China,,toys_children,"The toys contain excessive levels of lead, which is a violation of the federal standard for lead content.",,https://www.cpsc.gov/Recalls/2015/Cycle-Gear-Recalls-Semi-Truck-and-Motorcycle-Toys,2015
fda_food,F-1948-2015,20150306,Shanghai Ceramic Spoons;  SKU 487874; UPC 2487874,"Cost Plus Management Services, Inc.",,United States,other,Some ceramic spoons may exceed FDA guidance levels for leachable lead and cadmium.,Class II,,2015
fda_food,F-0032-2015,20141006,"Bumble Bee Prime Fillet Albacore Tuna with  Jalapenos and Olive Oil, Net Wt. 2.5 oz, UPC 8660024012",Bumble Bee Foods LLC,,United States,other,"Bumble Bee Foods, LLC, has issued a recall on specific codes of pouched Albacore tuna due to defects in the pouch seals which could result in product contamination by spoilage organisms or pathogens, and could lead to illness if consumed.",Class II,,2014
fda_food,F-0035-2015,20141006,"Bumble Bee Prime Fillet Omega-3 Albacore Tuna with Omega 3 Tuna Oil, Net Wt. 2.5oz, UPC 8660024191",Bumble Bee Foods LLC,,United States,other,"Bumble Bee Foods, LLC, has issued a recall on specific codes of pouched Albacore tuna due to defects in the pouch seals which could result in product contamination by spoilage organisms or pathogens, and could lead to illness if consumed.",Class II,,2014
fda_food,F-0039-2015,20141006,"Bumble Bee Sun Dried Tomato with Sun Dried Tomatoes & Olive Oil, Net Wt. 2.5oz, UPC 5763800430.",Bumble Bee Foods LLC,,United States,other,"Bumble Bee Foods, LLC, has issued a recall on specific codes of pouched Albacore tuna due to defects in the pouch seals which could result in product contamination by spoilage organisms or pathogens, and could lead to illness if consumed.",Class II,,2014
fda_food,F-0036-2015,20141006,"Bumble Bee Premium Lightmeat Tuna in Water, Net Wt. 2.5oz, UPC 5763800426.    Bumble Bee Premium Lightmeat Tuna in Water, Net Wt. 5oz, UPC 5763800427.",Bumble Bee Foods LLC,,United States,other,"Bumble Bee Foods, LLC, has issued a recall on specific codes of pouched Albacore tuna due to defects in the pouch seals which could result in product contamination by spoilage organisms or pathogens, and could lead to illness if consumed.",Class II,,2014
fda_food,F-0031-2015,20141006,"Bumble Bee Premium Albacore Tuna in Water, Net Wt. 2.5oz, UPC 8660024011, 8660024031, 5763800424.      Bumble Bee Premium Albacore Tuna In Water, Net Wt. 5oz, UPC 8660024016; UPC 8660024051, 576380042",Bumble Bee Foods LLC,,United States,other,"Bumble Bee Foods, LLC, has issued a recall on specific codes of pouched Albacore tuna due to defects in the pouch seals which could result in product contamination by spoilage organisms or pathogens, and could lead to illness if consumed.",Class II,,2014
fda_food,F-0034-2015,20141006,"Bumble Bee Prime Fillet Albacore Tuna with Chipotle and Olive Oil, Net Wt. 2.5oz, UPC 8660024014",Bumble Bee Foods LLC,,United States,other,"Bumble Bee Foods, LLC, has issued a recall on specific codes of pouched Albacore tuna due to defects in the pouch seals which could result in product contamination by spoilage organisms or pathogens, and could lead to illness if consumed.",Class II,,2014
fda_food,F-0038-2015,20141006,"Bumble Bee Chipotle Albacore Tuna with Chipotle & Olive Oil, Net Wt. 2.5oz, UPC 5763800429.",Bumble Bee Foods LLC,,United States,other,"Bumble Bee Foods, LLC, has issued a recall on specific codes of pouched Albacore tuna due to defects in the pouch seals which could result in product contamination by spoilage organisms or pathogens, and could lead to illness if consumed.",Class II,,2014
fda_food,F-0037-2015,20141006,"Bumble Bee Jalapeno Albacore Tuna with Jalapeno & Olive Oil, Net Wt. 2.5oz, UPC 5763800428",Bumble Bee Foods LLC,,United States,other,"Bumble Bee Foods, LLC, has issued a recall on specific codes of pouched Albacore tuna due to defects in the pouch seals which could result in product contamination by spoilage organisms or pathogens, and could lead to illness if consumed.",Class II,,2014
fda_food,F-0033-2015,20141006,"Bumble Bee Prime Fillet Albacore Tuna with Sundried Tomatoes and Olive Oil, Net Wt. 2.5oz, UPC 8660024013",Bumble Bee Foods LLC,,United States,other,"Bumble Bee Foods, LLC, has issued a recall on specific codes of pouched Albacore tuna due to defects in the pouch seals which could result in product contamination by spoilage organisms or pathogens, and could lead to illness if consumed.",Class II,,2014
cpsc,14268,20140904,Children's sunglasses,,China,,toys_children,"Surface paint on the sunglasses contains excessive levels of lead, which is prohibited under federal law.",,https://www.cpsc.gov/Recalls/2014/FGX-International-Recalls-Childrens-Sunglasses,2014
cpsc,14170,20140508,Aman Trunk,,India,,paint,"The surface coating paint on the interior metal chains contains excessive levels of lead, a violation of the federal lead paint standard.",,https://www.cpsc.gov/Recalls/2014/Classic-Concepts-Recalls-Aman-Trunks,2014
cpsc,14734,20140507,Magnetic Color Sorting Board,,China,,toys_children,The magnet in the wand can detach and the plywood backing can crack and release small metal balls that are sandwiched between the board and a clear plastic cover. These pose choking and serious internal injury risks associated with ingestion of a magnet and metal ball. The surface paint on the metal,,https://www.cpsc.gov/Recalls/2014/Discount-School-Supply-Recalls-Sorting-Boards,2014
fda_food,F-2929-2015,20140418,"Pint sized glasses with decorative artwork that reads  Blue: ""Who's Your Candy?!""  SKU # 835992  Green: ""Eye Candy""  SKU # 835993  Red: ""Hard on the Outside Sweet on the Inside"" SKU # 835991",Charles Products Inc,,United States,sweets,"Through internal compliance and independent laboratory product testing program, the company became aware that glassware exceeded the FDA's guidance levels for lead and cadmium.",Class I,,2014
fda_food,F-2930-2015,20140418,"Shot glasses with decorative artwork that reads    Blue: ""Who's Your Candy?!"" SKU # 835989  Green: ""Eye Candy""  SKU # 835990  Red: ""Hard on the Outside Sweet on the Inside"" SKU # 835986",Charles Products Inc,,United States,sweets,"Through internal compliance and independent laboratory product testing program, the company became aware that glassware exceeded the FDA's guidance levels for lead and cadmium.",Class I,,2014
fda_food,F-2195-2014,20140416,"Botanos Los 3 Chavos Mango Enchilado Net Wt. 1 1/2 OZ.  (42 g) Oaxaca Mexican Products 100 8th Street, Passaic, NJ 07055",Oaxaca Mexican Products,,United States,other,Mango Enchilado contains undeclared colors and sulfites. It is also contaminated with lead.,Class II,,2014
cpsc,14136,20140320,Wooden flipping acrobat toys,,Peru,,toys_children,"The paint on the wooden flipping acrobat toys contains excessive levels of lead, which is prohibited under federal law.",,https://www.cpsc.gov/Recalls/2014/Minga-Fair-Trade-Imports-Recalls-Wooden-Flipping-Acrobat-Toys,2014
cpsc,14722,20140313,Dining tables,"Goel Exports, of New Delhi",India,,paint,"The lacquer paint on the furniture can contain excessive levels of lead, a violation of the federal lead paint standard.",,https://www.cpsc.gov/Recalls/2014/The-Conran-Shop-Recalls-Pondicherry-Dining-Tables,2014
fda_food,F-2223-2014,20131017,"Pran Spice Powder Turmeric , 14.10 oz. (400g) clear plastic laminated pouch, UPC 8 3173000502 3","Fahman Enterprises, Inc",,United States,spices,Elevated levels of lead.,Class I,,2013
fda_food,F-2222-2014,20131011,PRAN TURMERIC POWDER 400 GM plastic bag,Best Value Inc,,United States,spices,Best Value Inc imported PRAN Spice Powder TURMERIC and distributed to retail stores.  FDA sample was found to contain excessive levels of Lead above 53.7ppm.,Class I,,2013
fda_food,F-2225-2014,20131008,"PRAN brand Spice Powder TURMERIC, Net Wt. 8.82 oz./250g, UPC 8 31730 00551 --- PRODUCT OF BANGLADESH -- Manufactured by/Fabricado por: PRAN AGRO LTD, PRAN-RFL Center, 105 Middle Badda, Dhaka-1212,  Ba",Asia Cash & Carry Inc.,,United States,spices,The product was found to contain 28 ppm lead based on sampling by New York State Department of Health and private laboratory analysis,Class I,,2013
fda_food,F-2224-2014,20131003,"PRAN brand Spice Powder TURMERIC, Net Wt. 14.1 oz./400g, UPC 8 46656 00209 4, and Net Wt. 8.82 oz./250g, UPC 8 31730 00551 --- PRODUCT OF BANGLADESH -- Manufactured by/Fabricado por: PRAN AGRO LTD, PR",Ontime Distribution Inc.,,United States,spices,"The product was found to contain excessive levels of lead based on sampling by New York State Department of Health,  private laboratory analysis, and FDA sampling and analysis.",Class I,,2013
fda_food,F-1414-2014,20130927,"Smoked Wild Silver (Coho) Salmon Filet is sold in vacuum packed plastic packages, net weight from 1 lb. to 2.5 lbs.,  with label located on the front that include the pack date and AK 604.    NO label",Big Blue Fisheries,,United States,other,"Big Blue Fisheries, LLC. is recalling ALL smoked products from all lots and codes, various sizes, in vacuum packages because the products may not have been properly cooked and have the potential to be contaminated with Clostridium botulinum. Because the products may not have been fully processed, pr",Class II,,2013
fda_food,F-1408-2014,20130927,"Teriyaki Smoked King Salmon is sold in vacuum packed plastic packages, net weight from 0.5 to 1 lb.,  with label located on the front that include the pack date and AK 604.    The label is read in par",Big Blue Fisheries,,United States,other,"Big Blue Fisheries, LLC. is recalling ALL smoked products from all lots and codes, various sizes, in vacuum packages because the products may not have been properly cooked and have the potential to be contaminated with Clostridium botulinum. Because the products may not have been fully processed, pr",Class II,,2013
fda_food,F-1409-2014,20130927,"Smoked King Salmon Bellies is sold in vacuum packed plastic packages, net weight from 0.5 to 1 lb.,  with label located on the front that include the pack date and AK 604.    The label is read in part",Big Blue Fisheries,,United States,other,"Big Blue Fisheries, LLC. is recalling ALL smoked products from all lots and codes, various sizes, in vacuum packages because the products may not have been properly cooked and have the potential to be contaminated with Clostridium botulinum. Because the products may not have been fully processed, pr",Class II,,2013
fda_food,F-1413-2014,20130927,"Teriyaki Smoked Coho Salmon is sold in vacuum packed plastic packages, net weight from 0.5 to 1 lb.,  with label located on the front that include the pack date and AK 604.    The label is read in par",Big Blue Fisheries,,United States,other,"Big Blue Fisheries, LLC. is recalling ALL smoked products from all lots and codes, various sizes, in vacuum packages because the products may not have been properly cooked and have the potential to be contaminated with Clostridium botulinum. Because the products may not have been fully processed, pr",Class II,,2013
fda_food,F-1416-2014,20130927,"Variety Smoked Pack is sold in vacuum packed plastic packages, net weight 1.5 lbs.,  with label located on the front that include the pack date and AK 604.    No label was provided.",Big Blue Fisheries,,United States,other,"Big Blue Fisheries, LLC. is recalling ALL smoked products from all lots and codes, various sizes, in vacuum packages because the products may not have been properly cooked and have the potential to be contaminated with Clostridium botulinum. Because the products may not have been fully processed, pr",Class II,,2013
fda_food,F-1406-2014,20130927,"Pepper Smoked King Salmon.  Product sold in vacuum packed plastic packages, net weight from 0.5 to 1 lb.,  with label located on the front that include the pack date and AK 604.    The label is read i",Big Blue Fisheries,,United States,spices,"Big Blue Fisheries, LLC. is recalling ALL smoked products from all lots and codes, various sizes, in vacuum packages because the products may not have been properly cooked and have the potential to be contaminated with Clostridium botulinum. Because the products may not have been fully processed, pr",Class II,,2013
fda_food,F-2011-2014,20130927,"Hickory Smoked Coho Salmon is sold in vacuum packed plastic packages, net weight from 0.5 to 1 lb.,  with label located on the front that include the pack date and AK 604.    The label is read in part",Big Blue Fisheries,,United States,other,"Big Blue Fisheries, LLC. is recalling ALL smoked products from all lots and codes, various sizes, in vacuum packages because the products may not have been properly cooked and have the potential to be contaminated with Clostridium botulinum. Because the products may not have been fully processed, pr",Class II,,2013
fda_food,F-2012-2014,20130927,"Pepper Smoked Coho Salmon is sold in vacuum packed plastic packages, net weight from 0.5 to 1 lb.,  with label located on the front that include the pack date and AK 604.    The label is read in parts",Big Blue Fisheries,,United States,spices,"Big Blue Fisheries, LLC. is recalling ALL smoked products from all lots and codes, various sizes, in vacuum packages because the products may not have been properly cooked and have the potential to be contaminated with Clostridium botulinum. Because the products may not have been fully processed, pr",Class II,,2013
fda_food,F-1415-2014,20130927,"Hickory Smoked Black Cod is sold in vacuum packed plastic packages, net weight from 0.5 to 1 lb.,  with label located on the front that include the pack date and AK 604.    The label is read in parts:",Big Blue Fisheries,,United States,other,"Big Blue Fisheries, LLC. is recalling ALL smoked products from all lots and codes, various sizes, in vacuum packages because the products may not have been properly cooked and have the potential to be contaminated with Clostridium botulinum. Because the products may not have been fully processed, pr",Class II,,2013
fda_food,F-1407-2014,20130927,"Hickory Smoked King Salmon is sold in vacuum packed plastic packages, net weight from 0.5 to 1 lb.,  with label located on the front that include the pack date and AK 604.    The label is read in part",Big Blue Fisheries,,United States,other,"Big Blue Fisheries, LLC. is recalling ALL smoked products from all lots and codes, various sizes, in vacuum packages because the products may not have been properly cooked and have the potential to be contaminated with Clostridium botulinum. Because the products may not have been fully processed, pr",Class II,,2013
fda_food,F-1410-2014,20130927,"Smoked Coho Salmon Bellies is sold in vacuum packed plastic packages, net weight from 0.5 to 1 lb.,  with label located on the front that include the pack date and AK 604.    The label is read in part",Big Blue Fisheries,,United States,other,"Big Blue Fisheries, LLC. is recalling ALL smoked products from all lots and codes, various sizes, in vacuum packages because the products may not have been properly cooked and have the potential to be contaminated with Clostridium botulinum. Because the products may not have been fully processed, pr",Class II,,2013
cpsc,13258,20130806,Sleepharmony Metal Youth Beds in pink,,China,,paint,The surface paint on the pink-colored youth beds contains levels of lead that exceed the limits allowed by law.,,https://www.cpsc.gov/Recalls/2013/Sleepharmony-Pink-Youth-Beds-Recalled-by-Glideaway,2013
cpsc,13255,20130731,Leisure Ways® Brands Kids Outdoor Furniture,"Zhejiang Xinyi Traveling, of Linhai City, China",China,,toys_children,"The red surface paint on the furniture contains excessive levels of lead, a violation of the federal lead paint standard.",,https://www.cpsc.gov/Recalls/2013/Far-East-Brokers-Recalls-Ladybug-themed-Kids-Outdoor-Furniture,2013
fda_food,F-0077-2014,20130731,"Coconut Tree Brand; Mut Gung Non; Ginger Candy; Ing:  Ginger, Sugar, Water  Sold in 8 oz  sealed plastic pouches, and 12 oz sealed shrink wrapped plastic tubs.  P. By: E.T.I. San Jose, CA",Evershing International Trading Inc.,,United States,sweets,California Department of Public Health tested Ginger Candy and found that it may contain as much as .012 ppm of lead.,Class II,,2013
fda_food,F-1323-2013,20130309,Metal cans; labeled as containing 29 oz of pinto beans packed in water and salt,La Preferida Inc,,United States,other,"Some cans may not have been fully processed which could result in product contamination by spoilage organisms or by pathogens, which could lead to illness if consumed.",Class II,,2013
fda_food,F-0968-2013,20130115,Dried Preserved Plum packaged in clear 4.4 lb (1904 g) plastic packages. The product comes in bulk form in a brown corrugated box with 10 x 4.4 lb packages. Net weight of one case is 44 lbs.. Product ,Nuera Trading Company Incorporated,,United States,other,California Department of Public Health sampled Dried Plum Preserves in 4.4 lb packages and found it to contain lead at 1.5 and 1.6 ug/g.,Class II,,2013
fda_food,F-1127-2013,20130102,"Pascalite Powder 8 oz, 16 oz, 5 lb, and 25 lb packaged in semitransparent flexible plastic containers with a stick on label.  Pascalite Clay Powder, Pascalite Inc, PO Box 104 Worland, WY 82401, 307-34","Pascalite, Incorporated",,United States,medicines,Pascalite is recalling internally used pascalite powder products because they may contain violative levels of lead.,Class II,,2013
fda_food,F-1126-2013,20130102,"Pascalite Capsules 100 count white plastic bottle with a screw on top, Pascalite Inc, PO Box 104 Worland, WY 82401 307-347-3872, Dietary Supplement for adults and children over 12 years two capsules d","Pascalite, Incorporated",,United States,medicines,Pascalite is recalling internally used pascalite powder products because they may contain violative levels of lead.,Class II,,2013
cpsc,13064,20121211,Low Lead Ball Valve/Shut-Off Gas Valves,"Fu San Machinery Co. Ltd., of Taiwan",Taiwan,,other,The valves can crack and cause gas to leak. This poses fire and explosion hazards.,,https://www.cpsc.gov/Recalls/2013/Fu-San-Machinery-Recalls-Low-Lead-Ball-Valves-Installed-in-Flammable-Gas-Lines-Due-to-Fire-and-Explosion-Hazards,2012
fda_food,F-0856-2013,20121117,"Cocoa~Latte Hot Drink Maker; an electric hot drink mixer and dispenser with a 32 fl.oz. heating and mixing jar, twist and lock lid, ""perfect temperature"" feature, mixing paddle, and dripless faucet;  ",Focus Products Group Llc,,United States,other,The Cocoa~Latte Hot Drink Maker was manufactured with a small brass metal bushing in the liquid containing vessel that may leach lead.,Class II,,2012
fda_food,F-0855-2013,20121116,"Sanh Yuan Preserved Plum Candy (Sweet and Sour Prune), 5 oz (142g)",Cho Fuku Group (usa) Inc,,United States,sweets,CHO Fuku Group Inc. is recalling Sanh Yuan Preserved Plum Candy (Sweet and Sour Prune) because of unacceptable levels of lead.,Class II,,2012
cpsc,13008,20121016,Fleece Hoodie and T-Shirt Sets,"Children's Apparel Network, Ltd. of New York, N.Y.",Pakistan,,toys_children,"The surface coating on the zipper of the fleece hoodie and t-shirt sets contain excessive levels of lead, violating the federal lead paint standard.",,https://www.cpsc.gov/Recalls/2013/Childrens-Apparel-Network-Recalls-Fleece-Hoodie-and-T-Shirt-Sets-Due-to-Violation-of-Lead-Paint-Standard-Sold-Exclusively-at-Target,2012
fda_food,F-0657-2013,20121002,"American Vines band Natural Vines Black Soft Licorice Twists;     All Natural Ingredients, 8 oz (226g), No Preservatives,  Product is processed and packaged by American Licorice Company, Union City, C",American Licorice Co,,United States,other,Firm's internal sampling of the product found elevated levels of lead in the product.,Class II,,2012
cpsc,12285,20120927,Captain Cutlass Toy Pirate Pistols,"Ko Lik Manufacturing Ltd., of Hong Kong, China",China,,toys_children,"The surface paints on the pirate toy pistols contain excessive levels of lead, a violation of the federal lead paint standard.",,https://www.cpsc.gov/Recalls/2012/Captain-Cutlass-Pirate-Toy-Guns-Recalled-by-Dillon-Importing-Due-to-Violation-of-Lead-Paint-Standard,2012
fda_food,F-0120-2013,20120906,"Licorice Sticks sold under the following brand names:  1) Orange Patch Country Store Licorice Sticks, New Wt, 12 oz.  Packaged in plastic bag; 2) Desert Delite Licorice Sticks, New Wt, 12 oz.  Package",Lehi Valley Trading Co.,,United States,sweets,We were notified by American Licorice Co. through email that levels for lead above those allowed by the FDA were found during testing.  We have voluntarily recalled our entire product purchased from them for the required time range.,Class II,,2012
fda_food,F-2167-2012,20120821,"Original Snaps Classic Chewy Candy; packed in 5.5 oz bags, 4.5 oz theatre box and 12 oz. tins.  UPC 5.5 oz - 4136408300;   4.5 oz Theatre Box UPC 4136408302; Theatre box shipper UPC 4136408295.  12 oz",American Licorice Co,,United States,sweets,CA Dept. of Public Health collected random samples of Red Vines Black Licorice and found elevated levels of lead in the product.,Class II,,2012
fda_food,F-2154-2012,20120821,RED VINES Mixed Bites; Red and Black licorice mixed bites.  UPC: 4136400288 and 4136451277.  Family Mix Half Pallet; UPD 4136421697;  Family Mix PDQ; UPC 4136455297;  Mixed Original Red/Black Licorice,American Licorice Co,,United States,other,CA Dept. of Public Health collected random samples of Red Vines Black Licorice and found elevated levels of lead in the product.,Class II,,2012
fda_food,F-2148-2012,20120821,Red Vines Black Licorice Twists;  No preservatives and Always Fat Free  Packaged in the following configurations:  One Pound Pac: Red and white Plastic bag with a window to display licorice twists. UP,American Licorice Co,,United States,other,CA Dept. of Public Health collected random samples of Red Vines Black Licorice and found elevated levels of lead in the product.,Class II,,2012
fda_food,F-2110-2012,20120808,Aussie-Style Lucky Country Soft Licorice in 1.5 lb. bags.  The product is packaged 1.5lb x 18 bags per tray.,"Lucky Country, Inc.",,United States,other,Lead contamination,Class II,,2012
cpsc,12738,20120621,Recliner Chair,,China,,paint,The surface paint on the legs of the recliner contains excessive levels of lead which is prohibited under federal law.,,https://www.cpsc.gov/Recalls/2012/Bluestem-Brands-and-Tone-World-International-Recall-Recliner-Chair-Due-to-Violation-of-Lead-Paint-Standards,2012
fda_food,F-1670-2012,20120501,"Organic 100% Pomegranate Juice packed in glass bottles  Smart Juice Organic Pomegranate 100% Juice  33.8 FL. Oz.  100% Juice  Distributed by: Smart Juices LLC, Bethlehem, PA 18018  BBE: 09.09.2014 ORG",Smart Juice LLC,,United States,other,Pomegranate juice contains levels of lead above allowable limits.,Class II,,2012
cpsc,12092,20120124,Super Luchamania Action Figures,,Mexico,,toys_children,The surface paints on the action figures contain excessive levels of lead which is prohibited under federal law.,,https://www.cpsc.gov/Recalls/2012/Mexican-Wrestling-Action-Figures-Recalled-by-Lee-Carter-Co-Due-to-Violation-of-Lead-Paint-Standard,2012
cpsc,12081,20120105,Children's Chairs and Stools,,China,,toys_children,The yellow surface paint on the metal frame of the children's chairs and stools contains excessive levels of lead which is prohibited under federal law.,,https://www.cpsc.gov/Recalls/2012/Childrens-Chairs-and-Stools-Recalled-by-Elegant-Gifts-Mart-Due-to-Violation-of-Lead-Paint-Standard,2012
cpsc,12064,20111222,"Circo 17"" Children's Travel Cases",,China,,toys_children,"The surface coating on the travel cases contain excessive levels of lead, violating the federal lead paint standard.",,https://www.cpsc.gov/Recalls/2012/Target-Recalls-Circo-Childrens-Travel-Cases-Due-to-Violation-of-Lead-Paint-Standard,2011
cpsc,11335,20110928,Toy cars,"LM Import & Export, Inc., of Miami, Fla.",China,,toys_children,"Surface paint on the toy cars contains excessive levels of lead, a violation of the federal lead paint standard.",,https://www.cpsc.gov/Recalls/2011/LM-Import-Export-Recalls-Toy-Cars-Due-to-Violation-of-Lead-Paint-Standard,2011
cpsc,11298,20110804,Love.Hugs.Peace lapel pins,,China,,jewelry,Surface paints on the lapel pin contain excessive levels of lead which is prohibited under federal law.,,https://www.cpsc.gov/Recalls/2011/Build-A-Bear-Workshop-Recalls-Lapel-Pins-Due-to-Violation-of-Lead-Paint-Standard,2011
cpsc,11263,20110630,Wooden animal drum,,China,,toys_children,"The paint used on the drum is in excess of the maximum allowable level of 90 ppm, a violation of the federal lead paint standard.",,https://www.cpsc.gov/Recalls/2011/Cost-Plus-Inc-Recalls-Wooden-Animal-Drum-Due-to-Violation-of-Lead-Paint-Standard,2011
cpsc,11745,20110623,Quick Kids Junior Tennis Racquets,"GAMMA Sports, of Pittsburgh, Pa.",China,,toys_children,The orange grip tape on the tennis racket's handle contains high levels of lead. Lead is toxic if ingested by young children and can cause adverse health effects.,,https://www.cpsc.gov/Recalls/2011/GAMMA-Sports-Recalls-Childrens-Tennis-Racquets-Due-to-Risk-of-Lead-Exposure,2011
cpsc,11239,20110607,American Girl Crafts™ Pearly Beads & Ribbon Bracelets kit,,China,,jewelry,"The surface coating on some of the beads contains excessive levels of lead, which is prohibited under federal law.",,https://www.cpsc.gov/Recalls/2011/EKSuccess-Brands-Recalls-American-Girl-Crafts-Jewelry-Kit-Due-to-Violation-of-Lead,2011
cpsc,11217,20110505,Toy Story 3 Bowling Game,,China,,toys_children,"The red paint used on some bowling pins has been measured to be in excess of the maximum allowable level of 90 ppm, a violation of the federal lead paint standard.",,https://www.cpsc.gov/Recalls/2011/GA-Gertmenian-and-Sons-Recalls-Toy-Story-3-Bowling-Game-Due-to-Violation-of-Lead-Paint,2011
cpsc,11195,20110412,Girl's Tops,,Vietnam,,other,The jewelry and decorative trim attached to the girl's garments contain high levels of lead. Lead is toxic if ingested by young children and can cause adverse health effects.,,https://www.cpsc.gov/Recalls/2011/Girls-Clothing-Recalled-by-My-Michelle-Due-to-Risk-of-Lead-Exposure,2011
cpsc,11725,20110309,6K and 7KC series door locksets,"Stanley Security Solutions Inc., of Indianapolis, Ind.",Taiwan,,other,"The latches can fail and the door cannot be unlocked from the inside, posing an entrapment hazard. This failure could lead to the inability to vacate a location in an emergency.",,https://www.cpsc.gov/Recalls/2011/Stanley-Security-Solutions-Announces-Recall-of-Door-Locksets-Failure-of-Latches-Could-Lead-to-Entrapment-in-an-Emergency,2011
cpsc,11077,20101222,Ceramic piggy and lion banks,,China,,toys_children,The yellow surface paint on the banks contains excessive levels of lead which is prohibited under federal law.,,https://www.cpsc.gov/Recalls/2010/Ceramic-Banks-Recalled-by-Oriental-Trading-Company-Due-to-Violation-of-Lead-Paint,2010
cpsc,10357,20100929,S T U F F and Paw Wall Hooks,,China,,paint,"Paint on the metal hooks and on the blue paw hook contains excessive levels of lead, violating the federal lead paint standard.",,https://www.cpsc.gov/Recalls/2010/S-T-U-F-F-and-Paw-Wall-Hooks-Recalled-By-Midwest-CBK-Due-to-Violation-of-Lead-Paint-Standard,2010
cpsc,10350,20100921,Love Tester Mood Rings and Necklaces,,China,,toys_children,The metal rings and necklaces contain high levels of lead. Lead is toxic if ingested by young children and can cause adverse health effects.,,https://www.cpsc.gov/Recalls/2010/Childrens-Mood-Rings-and-Necklaces-Recalled-by-DD-Distributing-Wholesale-Due-To-Risk-of-Lead-Exposure,2010
cpsc,10310,20100726,Youth and Adult Brine VIP Lacrosse Gloves,,Vietnam,,paint,"Screen printing ink used on the silver triad logo on the back of the glove contains excessive levels of lead, violating the federal lead paint standard.",,https://www.cpsc.gov/Recalls/2010/Brine-Recalls-VIP-Lacrosse-Gloves-Due-to-Violation-of-Lead-Paint-Standard,2010
cpsc,10292,20100701,Children's Coin Purse and Jewelry,,China,,toys_children,The surface paint on the zippers of the coin purses and the clasps on the jewelry contain high levels of lead. Lead is toxic if ingested by young children and can cause adverse health effects.,,https://www.cpsc.gov/Recalls/2010/Daiso-Recalls-Childrens-Coin-Purses-and-Jewelry-Due-to-Risk-of-Lead-Exposure,2010
cpsc,10279,20100624,Children's Tiara,,China,,toys_children,The tiara contains high levels of lead. Lead is toxic if ingested by young children and can cause adverse health effects.,,https://www.cpsc.gov/Recalls/2010/Youth-Tiara-Recalled-by-Wilton-Industries-Due-to-Lead-Exposure-Hazard,2010
cpsc,10268,20100617,Boys' and girls' belts,,China,,toys_children,"The belt buckles contain excessive levels of lead, violating the federal lead paint standard.",,https://www.cpsc.gov/Recalls/2010/Target-Recalls-Childrens-Belts-Due-to-Violation-of-Lead-Paint-Standard,2010
cpsc,10245,20100527,All-Star Basketball Chair and Ottoman Sets,,China,,paint,Surface paints on the lettering on both sides of the basketball chair could contain excessive levels of lead which is a violation of the federal lead paint standard.,,https://www.cpsc.gov/Recalls/2010/Basketball-Shaped-Chair-and-Ottoman-Sets-Recalled-by-Colleen-Karis-Designs-Due-to-Violation-of-Lead-Paint-Standard-Sold-at-HomeGoods-Stores,2010
cpsc,10249,20100527,Moroccan tea glasses,,Morocco,,tableware,The Moroccan tea glasses contain excessive levels of lead in the exterior coloring. Lead is toxic if ingested by young children and can cause adverse health effects.,,https://www.cpsc.gov/Recalls/2010/Cost-Plus-Inc-Recalls-Tea-Glasses-Due-to-Risk-of-Lead-Exposure,2010
cpsc,10734,20100430,TechnoSkin Foam Balls and Sportime TechStitched Soccer Balls,,China,,toys_children,Surface paints on the sports balls contain excessive levels of lead which is a violation of the federal lead paint standard.,,https://www.cpsc.gov/Recalls/2010/Sportime-Recalls-Sports-Balls-Due-to-Violation-of-Lead-Paint-Standard,2010
cpsc,10731,20100428,Double Egg Shakers,,Taiwan,,toys_children,"Surface paint on the red eggs contains excessive levels of lead, violating the federal lead paint standard.",,https://www.cpsc.gov/Recalls/2010/Discount-School-Supply-Recalls-Double-Egg-Shakers-Due-to-Violation-of-Lead-Paint-Standard,2010
cpsc,10191,20100407,Decorative Wood Chests and Tables,,Philippines,,paint,The surface coating paint on the furniture could contain excessive levels of lead in violation of the federal lead paint standard.,,https://www.cpsc.gov/Recalls/2010/Hammary-Furniture-Recalls-Chests-and-Tables-Due-to-Violation-of-Lead-Paint-Standard,2010
cpsc,10189,20100401,"Youth and Junior Hockey Sticks, Shafts, and Blades",,China,,toys_children,"Paint and decals on the sticks, shafts and blades contain excessive levels of lead, violating the federal lead paint standard.",,https://www.cpsc.gov/Recalls/2010/httpwwwcpscgovcpscpubprerelprhtml1010189html,2010
cpsc,10726,20100325,Carolina Function Generator Kits,,Canada,,toys_children,The yellow lids in the kits contain excessive levels of lead. Lead is toxic if ingested by young children and can cause adverse health effects.,,https://www.cpsc.gov/Recalls/2010/Childrens-Educational-Kits-Recalled-by-Carolina-Biology-Supply-Due-to-Risk-of-Lead-Exposure,2010
cpsc,10725,20100323,Flower and Insect Painted Wooden Beads,,China,,toys_children,"The paint on the children's wooden beads contains excessive levels of lead, violating the federal lead paint standard.",,https://www.cpsc.gov/Recalls/2010/Painted-Wooden-Beads-Intended-for-Childrens-Crafts-Recalled-By-SS-Worldwide-Due-To-Violation-of-Lead-Paint-Standard,2010
cpsc,10174,20100318,Bicycle Bells,"Botou Baite Bike Bell Co. Ltd., of Botou City, China",China,,paint,"The red paint on the bicycle bells contains excessive lead levels, violating the federal lead paint standard.",,https://www.cpsc.gov/Recalls/2010/Do-It-Best-Recalls-Bicycle-Bells-Due-to-Violation-of-Lead-Paint-Standard,2010
cpsc,10153,20100303,Children's Bangles,,India,,toys_children,"The surface coating on the bracelets contains high levels of lead, violating the federal lead paint standard.",,https://www.cpsc.gov/Recalls/2010/Childrens-Bracelets-Recalled-by-Chandigarh-Fashion-Due-to-Violation-of-Lead-Paint-Standard,2010
cpsc,10722,20100225,BigBox Hockey Sets,,China,,toys_children,"The surface coating on the boards, which are assembled together to form the floor hockey playing-field, contain excessive levels of lead, violating the federal lead paint standard.",,https://www.cpsc.gov/Recalls/2010/Sportime-Recalls-Childrens-Floor-Hockey-Sets-Due-to-Lead-Paint-Hazard,2010
cpsc,10139,20100217,Allreds Design Baby Bracelets and Pacifier Clips,"Allreds Design dba Hidden Hollow Beads, of Fort Duchesne, Utah",United States,,jewelry,The recalled bracelets and pacifier clip clasps contain high levels of lead. Lead is toxic if ingested by young children and can cause adverse health effects.,,https://www.cpsc.gov/Recalls/2010/Allreds-Design-Recalls-Baby-Bracelets-and-Pacifier-Clips-Due-to-Risk-of-Lead-Exposure,2010
cpsc,10128,20100202,Greeting Cards with Bracelets,,China,,toys_children,The surface paint coating on the bracelets sold with greeting cards contain excessive levels of lead violating the federal lead paint standard.,,https://www.cpsc.gov/Recalls/2010/Childrens-Greeting-Cards-with-Bracelets-Recalled-Due-to-Violation-of-Lead-Paint-Standard,2010
cpsc,10131,20100202,Tiny Tink and Friends Children's Toy Jewelry Sets,,China,,toys_children,"A cylindrical metal connector on a charm can contain levels of total lead in excess of 300 ppm, which is prohibited under federal law.",,https://www.cpsc.gov/Recalls/2010/Childrens-Toy-Jewelry-Sets-Recalled-by-Playmates-Toys-Charms-Violate-the-Total-Lead-Standard,2010
cpsc,10120,20100126,Nature Wonders HD Pinto Horse Toy Figures,,China,,toys_children,"The surface paint coating on the horse contains excessive levels of lead, violating the federal lead paint standard.",,https://www.cpsc.gov/Recalls/2010/Horse-Toy-Figures-Recalled-by-Blip-Toys-Due-to-Violation-of-Lead-Paint-Standard,2010
cpsc,10718,20100121,Connector kits used with electronic door lock control modules,,United States,,other,"The pin connector can fail and prevent a door from being unlocked from the inside, posing an entrapment hazard to consumers. This failure can lead to the inability to vacate a location in an emergency.",,https://www.cpsc.gov/Recalls/2010/Connector-Kits-Used-with-Sonitrol-Access-Control-Modules-Recalled-Failure-Could-Lead-to-Entrapment-in-an-Emergency,2010
cpsc,10105,20100108,Big Rex and Friends Cloth Books,,China,,toys_children,A red plastic dot sewn in the book contains high levels of lead. Lead is toxic if ingested by young children and can cause adverse health effects.,,https://www.cpsc.gov/Recalls/2010/Childrens-Big-Rex-and-Friends-Cloth-Books-Recalled-Due-to-Risk-of-Lead-Exposure,2010
cpsc,10098,20100106,Military toy figure,,China,,toys_children,The surface paint on the toy contains excessive levels of lead violating the federal lead paint standard.,,https://www.cpsc.gov/Recalls/2010/Jide-Trading-Recalls-Toy-Military-Figure-Due-to-Violation-of-Lead-Paint-Standard,2010
cpsc,10095,20091230,Wooden Skill Ball Toys,,Japan,,toys_children,"The surface paint coating on the ball contains excessive levels of lead, violating the federal lead paint standard.",,https://www.cpsc.gov/Recalls/2010/Wooden-Toys-Recalled-by-Kendamaspot-Due-to-Violation-of-Lead-Paint-Ban,2009
cpsc,10076,20091216,Precious Moments Angel Tree Toppers,,Thailand,,toys_children,"The logo stamped onto the children's boot's insoles contains excessive levels of lead, violating the federal lead paint standard.",,https://www.cpsc.gov/Recalls/2010/Timberland-Recalls-Childrens-Boots-Due-to-Violation-of-Lead-Paint-Standard,2009
cpsc,10061,20091210,Super Rig Play Sets,,China,,toys_children,"The toy truck's surface coating contains high levels of lead, violating the federal lead paint standard.",,https://www.cpsc.gov/Recalls/2010/Toy-Trucks-Recalled-by-Variety-Wholesalers-Due-to-Violation-of-Lead-Paint-Standard,2009
cpsc,10049,20091125,Children's Metal Pendants,,China,,toys_children,The recalled children's pendants contain high levels of lead. Lead is toxic if ingested by young children and can cause adverse health effects.,,https://www.cpsc.gov/Recalls/2010/Team-Work-Trading-Expands-Recall-of-Childrens-Metal-Pendants-Due-to-Risk-of-Lead-Exposure,2009
cpsc,10032,20091105,Young Artist Easels,"MacPherson's, of Emeryville, Calif.",China,,toys_children,"The chalkboard surface coating contains high levels of lead, violating the federal lead paint standard.",,https://www.cpsc.gov/Recalls/2010/Childrens-Art-Easels-Recalled-by-MacPhersons-Due-to-Violation-of-Lead-Paint-Standard,2009
cpsc,10004,20091006,"Children's Toys, Purses and Pen Cases",,China,,toys_children,"The surface paint on the balancing toys and zippers of the purses and pen cases contain excessive levels of lead, violating the federal lead paint ban. The inflatable baseball bat toys contain excessive levels of DEHP, violating the federal phthalate standard",,https://www.cpsc.gov/Recalls/2010/Daiso-Recalls-Childrens-Toys-Purses-and-Pen-Cases-Due-to-Violation-of-Lead-Paint-and-Phthalate-Limits,2009
cpsc,09338,20090908,Children's Animal Masks and Pendants,"Team Work Trading, of Los Angeles, Calif.",China,,toys_children,"The recalled children's animal masks and pendants contain high levels of lead. Lead is toxic if ingested by young children and can cause adverse health effects.The back and the base post of the chair can break while in use, posing a fall hazard to consumers.",,https://www.cpsc.gov/Recalls/2009/Childrens-Animal-Masks-and-Pendants-Recalled-by-Team-Work-Trading-Due-to-Risk-of-Lead-Exposure-,2009
cpsc,09332,20090827,"Force Soldier Playsets, Pirate Expeditions with Parrot, and Pirate Expeditions with Treasure",,China,,toys_children,"The action figure toys have surface paints which contain excessive levels of lead, violating the federal lead paint standard.",,https://www.cpsc.gov/Recalls/2009/Liquidation-Outlet-Inc-Recalls-Action-Figure-Toys-Due-to-Violation-of-Lead-Paint-Standard-Sold-Exclusively-at-Dollar-Stores,2009
cpsc,09267,20090709,DesignWare Sport Balls,,China,,toys_children,"The surface coating on the basketball contains excessive levels of lead, in violation of the federal lead paint standard.",,https://www.cpsc.gov/Recalls/2009/American-Greetings-Corp-Recalls-Sport-Balls-Due-to-Violation-of-Lead-Paint-Standard,2009
cpsc,09248,20090618,"18"" Kick Body Boards",,China,,paint,"The green surface coating of the screened logo ""Big Lizard™ body boards"" on the underside of the body board contains excessive levels of lead, violating the federal lead paint standard.",,https://www.cpsc.gov/Recalls/2009/Body-Boards-Recalled-by-JGR-Copa-Due-to-Violation-of-Lead-Paint-Standard,2009
cpsc,09211,20090506,Abalone and Venetian Carnevale Necklace Craft Kits,,China,,toys_children,The lobster clasps in both craft kits contain high levels of lead. The Abalone Necklace's pendant also contains high levels of lead. Lead can be toxic if ingested by young children and can cause adverse health effects.,,https://www.cpsc.gov/Recalls/2009/Childrens-Jewelry-Craft-Kits-Recalled-by-Action-Products-International-Due-to-Risk-of-Lead-Exposure,2009
cpsc,09203,20090429,Dinosaur Play Sets,,China,,paint,"The surface paint on the monkey figure contains excessive levels of lead, violating the federal lead paint standard.",,https://www.cpsc.gov/Recalls/2009/Dinosaur-Play-Sets-Recalled-by-DND-Imports-Due-to-Violation-of-Lead-Paint-Standard,2009
cpsc,09737,20090422,Playground Equipment,"Floteks, of Turkey",Türkiye,,paint,The handrails and posts on the playground contain high levels of lead paint. Lead can be toxic if ingested by young children and can cause adverse health effects.,,https://www.cpsc.gov/Recalls/2009/SportsPlay-Equipment-Recalls-Playgrounds-Due-to-Violation-of-Lead-Paint-Ban,2009
cpsc,09166,20090325,Children's Fishing Poles,,China,,toys_children,"The paint on the reels of these fishing poles contains excessive levels of lead, violating the federal lead paint standard.",,https://www.cpsc.gov/Recalls/2009/Childrens-Fishing-Poles-Recalled-by-Zebco-Due-to-Violation-of-Lead-in-Paint-Standard,2009
cpsc,09158,20090318,Solar System Kits and DNA Kits,"FloraCraft Corp., of Ludington, Mich.",United States,,paint,"The surface coating on the educational kit's wires can contain excessive levels of lead, violating the federal lead paint standard.",,https://www.cpsc.gov/Recalls/2009/Educational-Craft-Kits-Recalled-by-FloraCraft-Due-to-Violation-of-Lead-Paint-Standard,2009
cpsc,09729,20090318,Various containers used in instructional kits,,China,,paint,"Surface paints on the products contain excessive levels of lead, violating the federal lead paint standard.",,https://www.cpsc.gov/Recalls/2009/Montessori-N-Such-Recalls-Metal-Vases-Pails-and-Other-Containers-Due-to-Violation-of-Lead-Paint-Standard,2009
cpsc,09157,20090317,Nordstrom Girl's Shoes,,China,,paint,"Surface paint on the outer sole of these shoes contains excessive levels of lead, violating the federal lead paint standard.",,https://www.cpsc.gov/Recalls/2009/Nordstrom-Recalls-Girls-Shoes-Due-to-Violation-of-Lead-Paint-Standard,2009
cpsc,09150,20090312,Shakespeare Casting Game and Fishing Kits,,China,,toys_children,The label on the fishing rod contains a surface coating containing high levels of lead in violation of the ban on lead in paint.,,https://www.cpsc.gov/Recalls/2009/Pure-Fishing-Recalls-Childrens-Fishing-Games-Due-to-Violation-of-Ban-on-Lead-in-Paint,2009
cpsc,09148,20090311,DBX Glide Boys' Ice Skates,,China,,paint,"Surface paint on the ice skates contains excessive levels of lead, violating the federal lead paint standard.",,https://www.cpsc.gov/Recalls/2009/Ice-Skates-Recalled-by-Pronto-Sports-Due-to-Violation-of-Lead-Paint-Standard,2009
cpsc,09137,20090303,Children's flip flops,"Alpargatas USA Inc., of New York, N.Y.",Brazil,,toys_children,Decorative paint on the sole of the flip flops can contain levels of lead in excess of the federal standard.,,https://www.cpsc.gov/Recalls/2009/Childrens-Flip-Flops-Recalled-by-Alpargatas-Due-to-Violation-of-Lead-in-Paint-Standard,2009
cpsc,09136,20090225,"Fishing Games, Rattles, Pull-A-Long Cars, Mini Pull Back Cars, and Cartoon Bubble Guns",,China,,toys_children,"The fishing games, baby rattles and pull-a-long cars contain small parts, which can detach and pose a choking hazard to children. The mini pull back cars and bubble guns have surface paints which contain excessive levels of lead, violating the federal lead paint standard.",,https://www.cpsc.gov/Recalls/2009/Various-Toys-Recalled-by-CBB-Group-Due-to-Choking-Hazard-and-Violation-of-Lead-Paint-Standard,2009
cpsc,09122,20090210,Golfer's Billiard Games,"Golf Gifts and Gallery, of Powers Lake, Wisc.",China,,paint,Surface paints on the golf balls can contain excess levels of lead.,,https://www.cpsc.gov/Recalls/2009/Golfers-Billiard-Games-Recalled-by-Dicks-Sporting-Goods-and-Golf-Galaxy-Due-to-Violation-of-Lead-Paint-Standard,2009
cpsc,09113,20090129,Construction Play Sets,"DDI Inc., of Dubuque, Iowa",China,,toys_children,"Surface paint on the play sets can contain lead, violating the federal lead paint standard.",,https://www.cpsc.gov/Recalls/2009/DDI-Inc-Recalls-Toy-Construction-Play-Sets-Due-to-Violation-of-Lead-Paint-Standard,2009
cpsc,09111,20090129,Skull-And-Crossbones Necklaces,,China,,toys_children,The skull and metal clasp of the necklace contain high levels of lead. Lead can be toxic if ingested by young children and can cause adverse health effects.,,https://www.cpsc.gov/Recalls/2009/Skull-And-Crossbones-Necklaces-Recalled-By-Spencer-Gifts-Due-to-Risk-of-Lead-Exposure,2009
cpsc,09718,20090127,Jesus Fish Beads,,China,,paint,"Surface paint on the green fish can contain excessive levels of lead, violating the federal lead paint standard.",,https://www.cpsc.gov/Recalls/2009/Discount-School-Supply-Recalls-Jesus-Fish-Beads-Due-to-Violation-of-Lead-Paint,2009
cpsc,09106,20090127,High School Musical Manicure Kits,,China,,other,"The lettering ""HIGH SCHOOL MUSICAL"" with glitter on the pouch used with the manicure kit contains excess levels of lead. Lead can be toxic if ingested by young children and cause adverse health effects.",,https://www.cpsc.gov/Recalls/2009/High-School-Musical-Manicure-Kits-Recalled-by-Fantas-Eyes-Due-to-Risk-of-Lead-Exposure,2009
cpsc,09107,20090127,Lip Gloss Keychains,,China,,other,The metal clasp attached to the keychain contains high levels of lead. Lead is toxic if ingested by young children and can cause adverse health effects.,,https://www.cpsc.gov/Recalls/2009/Lip-Gloss-Keychains-Recalled-By-Markwins-Beauty-Products-Due-to-Risk-of-Lead-Exposure,2009
cpsc,09097,20090115,Children's Sunglasses,,China,,toys_children,"Surface paint on the recalled sunglasses can contain excessive levels of lead, violating the federal lead paint standard.",,https://www.cpsc.gov/Recalls/2009/Strangulation-Death-of-a-Child-Prompts-Hill-Sportswear-To-Recall-Hooded-Sweatshirts-with-Drawstrings-1,2009
cpsc,09091,20090113,High Speed Pull-Back Toy Cars,,China,,toys_children,"Surface paint on the toy cars contains excessive levels of lead, violating the federal lead paint standard.",,https://www.cpsc.gov/Recalls/2009/TDI-International-Recalls-Toy-Cars-Due-to-Violation-of-Lead-Paint-Standard,2009
cpsc,09075,20081223,Newport 4-in-1 Cribs and Matching Furniture,"Munire Furniture Inc, of Piscataway, N.J.",Indonesia,,toys_children,The red paint which is underneath the black finish paint on some of the cribs and matching furniture exceeds federal lead limits. If ingested by young children lead can cause adverse health effects.,,https://www.cpsc.gov/Recalls/2009/Munire-Recalls-Newport-Rubbed-Black-Cribs-and-Matching-Furniture-Due-to-Violation-of-Lead-Paint-Standard,2008
cpsc,09076,20081223,Calypso Steel Drums,"Woodstock Percussion Inc., of Shokan, N.Y.",Trinidad and Tobago,,toys_children,"Surface paint on the recalled toy drums contain excessive levels of lead, violating the federal lead paint standard.",,https://www.cpsc.gov/Recalls/2009/Woodstock-Percussion-Inc-Recalls-Toy-Drums-Due-to-Violation-of-Lead-Paint-Standard,2008
cpsc,09071,20081218,Children's Jewelry,,China,,toys_children,The recalled jewelry contains high levels of lead. Lead is toxic if ingested by young children and can cause adverse health effects.,,https://www.cpsc.gov/Recalls/2009/Childrens-Jewelry-Sold-Exclusively-in-Hawaii-Recalled-by-Aloha-808-Trading-Due-to-Risk-of-Lead-Exposure,2008
cpsc,09068,20081217,Dinosaur Epoch Toy Dinosaurs,,China,,toys_children,"Surface paint on the toy dinosaurs can contain excessive levels of lead, violating the federal lead paint standard.",,https://www.cpsc.gov/Recalls/2009/Xtreme-Toy-Zone-Recalls-Toy-Dinosaurs-Due-to-Violation-of-Lead-Paint-Standard,2008
cpsc,09059,20081203,Groovy Fashions™ Sassy Jammies™ Doll Clothing Sets,"Manhattan Group, of Minneapolis, Minn.",Indonesia,,toys_children,"Surface paints on the pajama pants contain excessive levels of lead, which violates the federal lead paint standard.",,https://www.cpsc.gov/Recalls/2009/Doll-Clothing-Sets-Recalled-by-Manhattan-Group-Due-to-Violation-of-Lead-Paint-Standard,2008
cpsc,09060,20081203,Army Figures,,China,,toys_children,"Surface paint on the face of the Army figures contains excessive levels of lead, violating the federal lead paint standard.",,https://www.cpsc.gov/Recalls/2009/OKK-Trading-Recalls-Toy-Army-Figures-Due-to-Violation-of-Lead-Paint-Standard,2008
cpsc,09039,20081105,Best Friends Yin Yang Necklace Sets,,China,,toys_children,The recalled necklaces contain high levels of lead. Lead is toxic if ingested by young children and can cause adverse health effects.,,https://www.cpsc.gov/Recalls/2009/Claires-Recalls-Childrens-Metal-Necklaces-Due-to-Risk-of-Lead-Exposure,2008
cpsc,09038,20081104,Mini-Televisor Toys,,Hong Kong,,toys_children,"Surface coating on the toy television could contain excessive levels of lead, violating the federal lead paint standard.",,https://www.cpsc.gov/Recalls/2009/OKK-Trading-Recalls-Toy-TVs-Due-to-Violation-of-Lead-Paint-Standard,2008
cpsc,09037,20081104,Toy Xylophones,,China,,toys_children,"Surface paint on the toy xylophone contains excessive levels of lead, violating the federal lead paint standard.",,https://www.cpsc.gov/Recalls/2009/Toy-Xylophones-Recalled-by-King-Import-Warehouse-Due-to-Violation-of-Lead-Paint-Standard,2008
cpsc,09028,20081029,Casper the Friendly Ghost® Halloween Mini-Figurines,,China,,toys_children,The recalled Halloween figurines contain high levels of lead in the paint.,,https://www.cpsc.gov/Recalls/2009/Halloween-Figurines-Recalled-by-Coynes--Company-for-Lead-Hazard,2008
cpsc,09011,20081014,Alnico Bar Magnets,"Home Science Tools, of Billings, Mont.",China,,paint,"Surface paints on the magnets contain excessive levels of lead, which violates the federal lead paint standard.",,https://www.cpsc.gov/Recalls/2009/Bar-Magnets-Recalled-by-Home-Science-Tools-Due-to-Violation-of-Lead-Paint-Standard,2008
cpsc,09003,20081007,"Children's Ball and Heart Necklaces, Portable CD and MP3 Players",,China,,toys_children,"Surface coatings on these products could contain excessive levels of lead, violating the federal lead paint standard.",,https://www.cpsc.gov/Recalls/2009/Childrens-Necklaces-CD-and-MP3-Players-Sold-at-Limited-Too-and-Justice-Stores-Recalled-by-Tween-Brands-Due-to-Violation-of-Lead-Paint-Standard,2008
cpsc,08415,20080930,Toy Boats,,India,,toys_children,"The paint on the recalled toy boats contains an excess level of lead, violating the federal lead paint standard.",,https://www.cpsc.gov/Recalls/2008/Toy-Boats-Recalled-by-Buzzs-Boatyard-Due-to-Violation-of-Lead-Paint-Standard,2008
cpsc,08412,20080925,Toy Police Cars,,China,,toys_children,"The red paint on the toy cars contains excess levels of lead, violating the federal lead paint standard.",,https://www.cpsc.gov/Recalls/2008/Toy-Police-Cars-Recalled-by-TCB-Imports-Due-to-Violation-of-Lead-Paint-Standard,2008
cpsc,08404,20080923,Harry Potter Bookends,,Hong Kong,,paint,"The paint on the bookends contains excessive levels of lead, violating the federal lead paint standard.",,https://www.cpsc.gov/Recalls/2008/Harry-Potter-Bookends-Recalled-By-Giftco-Due-to-Violation-of-Lead-Paint-Standard,2008
cpsc,08390,20080903,Fairy Dust Pendants and Candle Charms,,Hong Kong,,toys_children,The recalled metal pendants and charms contain high levels of lead. Lead is toxic if ingested by young children and can cause adverse health effects.,,https://www.cpsc.gov/Recalls/2008/Pendants-and-Candle-Charms-Recalled-Due-to-Risk-of-Lead-Exposure1,2008
cpsc,08382,20080829,Bonne Bell Children's Cosmetics Accessory Bags,,China,,toys_children,"The metal clasps on the handle of the accessory bags contain excessive levels of lead, which is toxic if ingested and can cause adverse health effects.",,https://www.cpsc.gov/Recalls/2008/Bonne-Bell-Recalls-Childrens-Cosmetics-Accessory-Bags-Due-to-Risk-of-Lead-Exposure,2008
cpsc,08599,20080812,Sun Smarties™ Children's Board Skirts,"Chelsea & Scott Ltd., of Lake Bluff, Ill.",China,,toys_children,"The paint on the grommets of the skirts contains an excess level of lead, violating the federal lead paint standard.",,https://www.cpsc.gov/Recalls/2008/Childrens-Board-Skirts-Recalled-By-Chelsea--Scott-Ltd-Due-to-Violation-of-Lead-Paint-Standard,2008
cpsc,08344,20080724,Classic Horseshoe Magnet,"Dowling Magnets, of Sonoma, Calif.",China,,paint,"The plastic coating on the magnets contains excessive levels of lead, which violates the federal lead paint standard.",,https://www.cpsc.gov/Recalls/2008/Horseshoe-Magnets-Recalled-by-Dowling-Magnets-Due-to-Violation-of-Lead-Paint-Standard,2008
cpsc,08345,20080724,"U-shaped Magnets, Bar Magnets, Magnet Sets and Magnet Needle Sets",,China,,paint,"The paint on the magnets can contain excess levels of lead, violating the federal lead paint standard.",,https://www.cpsc.gov/Recalls/2008/Pacific-Science-Supplies-Recalls-Magnets-Due-to-Violation-of-Lead-Paint-Standard,2008
cpsc,08329,20080710,"Faded Glory Lip Gloss, Locket, and Bracelet Sets",,China,,toys_children,"The lobster claw clasp on the bracelet contains high levels of lead, which is toxic if ingested and can cause adverse health effects.",,https://www.cpsc.gov/Recalls/2008/Lip-Gloss-and-Jewelry-Sets-Sold-Exclusively-at-Wal-Mart-Recalled-by-FAF-Inc-Due-to-Risk-of-Lead-Exposure,2008
cpsc,08326,20080710,Children's Necklaces with Ballet Shoes Charms,,China,,toys_children,"Solder on the charm of the necklace may contain high levels of lead, which if ingested by young children can cause adverse health effects.",,https://www.cpsc.gov/Recalls/2008/Parragon-Books-Recalls-Childrens-Necklaces-Due-to-Risk-of-Lead-Exposure,2008
cpsc,08327,20080710,Children's Charms Craft Kits,,China,,toys_children,The clasp in the charm craft kits contains high levels of lead. Lead is toxic if ingested by young children and can cause adverse health effects.,,https://www.cpsc.gov/Recalls/2008/Shoelace-and-Necklace-Childrens-Charms-Recalled-by-Action-Products-International-Due-to-Risk-of-Lead-Exposure,2008
cpsc,08324,20080703,"It's a Girl Thing Bracelets, Necklaces, and Phone Charms",,China,,toys_children,The children's jewelry could contain high levels of lead. Lead is toxic if ingested by young children and can cause adverse health effects.,,https://www.cpsc.gov/Recalls/2008/Childrens-Jewelry-Recalled-by-Bead-Bazaar-USA-Due-to-Risk-of-Lead-Exposure,2008
cpsc,08307,20080619,Hip Charm Key Chains,,China,,jewelry,"The charms on the key chain can contain high levels of lead, which is toxic if ingested and can cause adverse health effects.",,https://www.cpsc.gov/Recalls/2008/Wal-Mart-Recalls-Additional-Charm-Key-Chains-Due-to-Risk-of-Lead-Exposure,2008
cpsc,08302,20080610,Camouflage Pajama Sets,"The Children's Place Retail Stores Inc., of Secaucus, N.J.",Vietnam,,toys_children,The screen print on the shirt contains excess levels of lead.,,https://www.cpsc.gov/Recalls/2008/The-Childrens-Place-Recalls-Camouflage-Pajama-Sets-Due-to-Excessive-Lead,2008
cpsc,08579,20080603,Children's Jewelry,,South Korea,,toys_children,The jewelry contains high levels of lead. Lead is toxic if ingested by young children and can cause adverse health effects.,,https://www.cpsc.gov/Recalls/2008/Childrens-Jewelry-Recalled-By-Daiso-Due-to-Risk-of-Lead-Exposure,2008
cpsc,08294,20080529,Makit & Bakit Jewelry Sets and Suncatcher Sets,,China,,toys_children,The clasps on some of the jewelry contains high levels of lead. Lead is toxic if ingested by young children and can cause adverse health effects.,,https://www.cpsc.gov/Recalls/2008/QuinCrafts-Childrens-Jewelry-Recalled-Due-to-Risk-of-Lead-Exposure,2008
cpsc,08575,20080527,Rawlings Junior Batting Helmets,,China,,paint,"Surface paint on the helmets contains excessive levels of lead, violating the federal lead paint standard.",,https://www.cpsc.gov/Recalls/2008/Batting-Helmets-Recalled-by-Rawlings-Sporting-Goods-Due-to-Violation-of-Lead-Paint-Standard,2008
cpsc,08283,20080522,Yellow Sure Grip Paint Brushes,,China,,paint,"Surface paint on the handle of the yellow paint brushes contains excessive levels of lead, violating the federal lead paint standard.",,https://www.cpsc.gov/Recalls/2008/Sure-Grip-Paint-Brushes-Recalled-by-Early-Childhood-Resources-Due-to-Violation-of-Lead-Paint-Standard,2008
cpsc,08284,20080522,Magnets,,India,,paint,"Surface paint on the magnets can contain high levels of lead, violating the federal lead paint standard.",,https://www.cpsc.gov/Recalls/2008/American-Scientific-Recalls-Magnets-Due-to-Violation-of-Lead-Paint-Standard,2008
cpsc,08278,20080522,Pirates of the Caribbean Sleeping Bags,,China,,paint,"The surface paint on the sleeping bag's zipper pull contains excessive levels of lead, violating the federal lead paint standard.",,https://www.cpsc.gov/Recalls/2008/Disney-Store-Recalls-Pirates-of-the-Caribbean-Sleeping-Bags-Due-to-Violation-of-Lead-Paint-Standard,2008
cpsc,08282,20080522,Tinker Bell Wands,,China,,toys_children,"The paint on the pearl beads in the flowers of the wands contains excessive levels of lead, violating the federal lead paint standard.",,https://www.cpsc.gov/Recalls/2008/Disney-Store-Recalls-Tinker-Bell-Wands-Due-to-Violation-of-Lead-Paint-Standard,2008
cpsc,08285,20080522,Floppy Friends Horse Toys,,China,,toys_children,"Surface paint on the toy horse contains excessive levels of lead, violating the federal lead paint standard.",,https://www.cpsc.gov/Recalls/2008/Floppy-Friends-Horse-Toys-Recalled-by-Toy-Investments-Due-to-Violation-of-Lead-Paint-Standard,2008
cpsc,08279,20080522,Various magnets,,India,,paint,"Surface paint on the magnets contains high levels of lead, which violates the federal lead paint standard.",,https://www.cpsc.gov/Recalls/2008/United-Scientific-Recalls-Magnets-Due-to-Violation-of-Lead-Paint-Standard,2008
cpsc,08280,20080522,Basic Beat Shaker Guiro Instruments,,Taiwan,,toys_children,"Surface paint on the recalled shaker guiro instrument contains excessive levels of lead, violating the federal lead paint standard.",,https://www.cpsc.gov/Recalls/2008/West-Music-Recalls-Shaker-Guiro-Instruments-Due-to-Violation-of-Lead-Paint-Standard,2008
cpsc,08272,20080520,Cowboy on a Horse Little Rider Toys,,China,,toys_children,"Surface paint on the shoe and pants of the rider toy contains excessive levels of lead, violating the federal lead paint standard.",,https://www.cpsc.gov/Recalls/2008/Master-Toys--Novelties-Inc-Recalls-Little-Rider-Toys-Due-to-Violation-of-Lead-Paint-Standard,2008
cpsc,08260,20080501,Children's Storage Bins,"Magus Industry Co. Ltd., of Taiwan",Taiwan,,toys_children,"Surface paint on the storage bins could contain excessive levels of lead, violating the federal lead paint standard.",,https://www.cpsc.gov/Recalls/2008/Childrens-Storage-Bins-Sold-at-Lowes-Stores-Recalled-Due-to-Violation-of-Lead-Paint-Standard,2008
cpsc,08257,20080429,Character-themed lapel pins,,China,,toys_children,The metal lapel pin contains high levels of lead. Lead is toxic if ingested by young children and can cause adverse health effects.,,https://www.cpsc.gov/Recalls/2008/Nintendo-Recalls-Lapel-Pins-Due-to-Risk-of-Lead-Exposure,2008
cpsc,08562,20080424,Basketball and Flower Tables,,Peru,,toys_children,"Surface paint on the tables contains excessive levels of lead, violating the federal lead paint standard.",,https://www.cpsc.gov/Recalls/2008/Basketball-and-Flower-Tables-Recalled-by-Avon-Products-Due-to-Violation-of-Lead-Paint-Standard-Sold-in-Puerto-Rico-and-US-Virgin-Islands,2008
cpsc,08250,20080418,Hip Charm Key Chains,,China,,jewelry,"The charms on the key chain can contain high levels of lead, which is toxic if ingested and can cause adverse health effects.",,https://www.cpsc.gov/Recalls/2008/Wal-Mart-Recalls-Charm-Key-Chains-Due-to-Risk-of-Lead-Exposure,2008
cpsc,08249,20080416,Western Rider Push Toys,,China,,toys_children,"Surface paint on the glove, shirt, and pants of rider toy contains excessive levels of lead, violating the federal lead paint standard.",,https://www.cpsc.gov/Recalls/2008/Push-Toys-Recalled-by-Santas-Toy-Corp-Due-to-Violation-of-Lead-Paint-Standard-,2008
cpsc,08248,20080410,Flower Writers; Christmas Writers; Easter Writers; and Spooky Writers Seasonal Writing Pens,,China,,paint,"The seasonal writing pens' surface coating contains high levels of lead, violating the federal lead paint standard.",,https://www.cpsc.gov/Recalls/2008/Michaels-Stores-Recalls-Seasonal-Writing-Pens-Due-to-Violation-of-Lead-Paint-Standard,2008
cpsc,08247,20080410,Hillbilly Teeth,,China,,toys_children,"The gray surface paint on the teeth contains excessive levels of lead, violating the federal lead paint standard.",,https://www.cpsc.gov/Recalls/2008/FUNTASTIC-Recalls-Fake-Teeth-Due-To-Violation-of-Lead-Paint-Standard,2008
cpsc,08246,20080409,Interchange Robot Toys,,China,,toys_children,"Surface paints on the toys contain excessive levels of lead, violating the federal lead paint standard.",,https://www.cpsc.gov/Recalls/2008/OKK-Trading-Recalls-Toy-Robots-Due-to-Violation-of-Lead-Paint-Standard,2008
cpsc,08239,20080403,Children's Sunglasses,,China,,toys_children,"Surface paint in the orange lettering on the temples of the sunglasses contains excessive levels of lead, violating the federal lead paint standard.",,https://www.cpsc.gov/Recalls/2008/Childrens-Main-Street-Drag-Sunglasses-Recalled-by-StyleMark-Due-to-Violation-of-Lead-Paint-Standard,2008
cpsc,08236,20080401,Lock and Leash™ Locks,"Fullyear-Brother Enterprise Co. Ltd, of Taiwan",Taiwan,,paint,"Red surface paint on the locks contains excessive levels of lead, violating the federal lead paint standard.",,https://www.cpsc.gov/Recalls/2008/Master-Lock-Recalls-Lock-and-Leash-Locks-Due-to-Violation-of-Lead-Paint-Standard,2008
cpsc,08553,20080326,Ring Toss Games,,Hong Kong,,paint,"The paint on the yellow peg of the toy contains excessive levels of lead, violating the federal lead paint standard.",,https://www.cpsc.gov/Recalls/2008/Educational-Insights-Recalls-Ring-Toss-Games-Due-to-Violation-of-Lead-Paint-Standard,2008
cpsc,08231,20080325,Backyard and Beyond Metal Water Bottles,,China,,paint,"Surface paint on the metal water bottles contains excessive levels of lead, violating the federal lead paint standard.",,https://www.cpsc.gov/Recalls/2008/Downeast-Concepts-Inc-Recalls-Water-Bottles-Due-to-Violation-of-Lead-Paint-Standard,2008
cpsc,08229,20080321,Camouflage Eggs and Spinning Egg Top Toys,,China,,toys_children,"The paint on the toys contains excessive levels of lead, violating the federal lead paint standard.",,https://www.cpsc.gov/Recalls/2008/Hobby-Lobby-Stores-Recalls-Easter-Egg-Containers-and-Spinning-Egg-Tops-Due-to-Violation-of-Lead-Paint-Standard,2008
cpsc,08551,20080320,Toy Puzzle Vehicle Sets,,China,,toys_children,"Surface paints on the puzzle pieces and components contain excessive levels of lead, violating the federal lead paint standard.",,https://www.cpsc.gov/Recalls/2008/Toy-Puzzle-Vehicle-Sets-Recalled-Due-to-Violation-of-Lead-Paint-Standard-Sold-Exclusively-by-QVC,2008
cpsc,08226,20080318,Wire-O Bound Journals and Calendars,"Galison/Mudpuppy, of New York, N.Y.",China,,paint,"The paint on the metal spiral bindings of the journals contains excessive levels of lead, which violates the federal lead paint standard.",,https://www.cpsc.gov/Recalls/2008/GalisonMudpuppy-Recalls-Wire-Bound-Journals-and-Calendars-Due-to-Violation-of-Lead-Paint-Standard,2008
cpsc,08219,20080312,X Force Commander Toy Airplanes and Super Famous Toy Cars and Motorcycles,,China,,toys_children,"The recalled toys contain excessive levels of lead, violating the federal lead paint standard.",,https://www.cpsc.gov/Recalls/2008/Toy-Airplanes-Cars-and-Motorcycles-Recalled-by-SU-Wholesale-Due-to-Violation-of-Lead-Paint-Standard,2008
cpsc,08546,20080222,Memory Testing Cards (sold as part of educational testing kits),,China,,toys_children,"Surface paint on the cards contains excessive levels of lead, violating the federal lead paint standard.",,https://www.cpsc.gov/Recalls/2008/Childrens-Memory-Testing-Cards-Recalled-by-Riverside-Publishing-Due-to-Violation-of-Lead-Paint-Standard,2008
cpsc,08200,20080222,Children's Metal Necklaces,"Pecoware Co. Inc., of Chino, Calif.",China,,toys_children,The children's necklaces contain high levels of lead. Lead is toxic if ingested by young children and can cause adverse health effects.,,https://www.cpsc.gov/Recalls/2008/Childrens-Metal-Jewelry-Recalled-by-Pecoware-Due-to-Risk-of-Lead-Exposure,2008
cpsc,08194,20080214,A Life of Faith Charm Bracelet Sets,"Mission City Press, of Franklin, Tenn.",China,,toys_children,"Surface paint on the pearl white beads of the bracelet, contains excessive levels of lead, violating the federal lead paint standard.",,https://www.cpsc.gov/Recalls/2008/Mission-City-Press-Recalls-Girls-Bracelet-Sets-Due-to-Violation-of-Lead-Paint-Standard,2008
cpsc,08543,20080208,Children's Table and Chair Sets,,China,,toys_children,"The surface paint on the children's table and chair sets contains excessive levels of lead, violating the federal lead paint standard.",,https://www.cpsc.gov/Recalls/2008/Netshops-Recalls-Childrens-Table-and-Chair-Sets-Due-to-Violation-of-Lead-Paint-Standard,2008
cpsc,08187,20080207,Pendants and Candle Charms,,South Korea,,jewelry,The recalled pendants and charms contain high levels of lead. Lead is toxic if ingested by young children and can cause adverse health effects.,,https://www.cpsc.gov/Recalls/2008/Pendants-and-Candle-Charms-Recalled-Due-to-Risk-of-Lead-Exposure,2008
cpsc,08184,20080206,Sketchbooks with Colored Spirals,,China,,toys_children,The paint on the sketchbooks' colored spiral metal bindings contains excessive levels of lead violating the federal lead paint standard.,,https://www.cpsc.gov/Recalls/2008/Childrens-Sketchbooks-Recalled-by-eeBoo-Corp-Due-to-Violation-of-Lead-Paint-Standard,2008
cpsc,08183,20080205,Toy Gardening Hand Rakes,"Zhongshan Foods, of China",China,,toys_children,"The paint on the gardening tool hand rake contains excessive levels of lead, violating the federal standard on lead in paint on toys.",,https://www.cpsc.gov/Recalls/2008/Childrens-Toy-Gardening-Rakes-Recalled-by-Downeast-Concepts-Violates-Lead-Paint-Standard,2008
cpsc,08541,20080131,Reading and Math Aids,,China,,paint,"Surface paint on the products contains excessive levels of lead, violating the federal lead paint standard.",,https://www.cpsc.gov/Recalls/2008/RR-Donnelley-Recalls-Classroom-Reading-and-Math-Aids-Due-to-Violation-of-Lead-Paint-Standard,2008
cpsc,08539,20080124,ESI-R Screening Materials,,China,,paint,"Surface paint on the green wooden blocks contains excessive levels of lead, violating the federal lead paint standard.",,https://www.cpsc.gov/Recalls/2008/RR-Donnelley-Recalls-Educational-Assessment-Blocks-Due-to-Violation-of-Lead-Paint-Standard,2008
cpsc,08174,20080124,Big Wooden Blocks and Jumbo Wooden Train Sets,"First Learning Company Ltd., of Hong Kong",China,,toys_children,"Surface paint on some pieces of the toys contains excessive levels of lead, violating the federal lead paint standard.",,https://www.cpsc.gov/Recalls/2008/Toy-Wooden-Block-and-Train-Sets-Recalled-By-Christmas-Tree-Shops-Due-to-Violation-of-Lead-Paint-Standard,2008
cpsc,08172,20080123,Toy Racing Cars,"OKK Trading Inc., of Commerce, Calif.",China,,toys_children,"Surface paint on the toy cars contains excessive levels of lead, violating the federal lead paint standard.",,https://www.cpsc.gov/Recalls/2008/Toy-Racing-Cars-Recalled-by-OKK-Trading-Due-to-Violation-of-Lead-Paint-Standard,2008
cpsc,08169,20080117,Cranium Cadoo Board Games,,China,,paint,"The surface paint on the die contains excessive levels of lead, violating the federal lead paint standard.",,https://www.cpsc.gov/Recalls/2008/Cranium-Cadoo-Board-Games-Recalled-Due-to-Violation-of-Lead-Paint-Standard,2008
cpsc,08537,20080116,Tic Tac Turtle Toss Mats,"Discount School Supply, of Monterey, Calif.",Taiwan,,paint,"The paint on the Tic Tac Turtle Toss mats contains excess levels of lead, violating the federal lead paint standard.",,https://www.cpsc.gov/Recalls/2008/Discount-School-Supply-Recalls-Play-Mats-Due-to-Violation-of-Lead-Paint-Standard,2008
cpsc,08165,20080116,Hanging Photo Frames,,China,,paint,"Surface paint on the photo frames contains excessive levels of lead, violating the federal lead paint standard.",,https://www.cpsc.gov/Recalls/2008/Photo-Frames-Recalled-by-The-Gift-Wrap-Company-Due-to-Violation-of-Lead-Paint-Standard,2008
cpsc,08164,20080115,Toy Wrestler Figures,"A.A. of America Inc., of East Brunswick, N.J.",China,,toys_children,"The surface paint contains high levels of lead, violating the federal lead paint standard.",,https://www.cpsc.gov/Recalls/2008/Toy-Wrestler-Figures-Recalled-by-AA-of-America-Due-to-Violation-of-Lead-Paint-Standard,2008
cpsc,08158,20080110,Fish Coin Banks,,China,,paint,"Surface paint on the coin banks contains excessive levels of lead, violating the federal lead paint standard.",,https://www.cpsc.gov/Recalls/2008/Coin-Banks-Recalled-by-TJ-Promotions-Due-to-Violation-of-Lead-Paint-Standard,2008
cpsc,08162,20080110,Tinker Bell Lamps,"Kash N' Gold Ltd., of Deer Park, N.Y.",Hong Kong,,paint,"The surface paint on the lamps contains excessive levels of lead, violating the federal lead paint standard.",,https://www.cpsc.gov/Recalls/2008/Kash-N-Gold-Recalls-Tinker-Bell-Novelty-Lamps-Due-to-Violation-of-Lead-Paint-Standard,2008
cpsc,08154,20080103,Metal Toy Wagons,,China,,toys_children,"Surface paint on the wagon bucket contains excessive levels of lead, violating the federal lead paint standard.",,https://www.cpsc.gov/Recalls/2008/Toy-Wagons-Recalled-by-Tricam-Industries-Due-to-Violation-of-Lead-Paint-Standard,2008
cpsc,08141,20071219,Soldier Bear Toys,"First Learning Company Ltd, of Hong Kong (wooden toys)",China,,toys_children,"The surface paint on the toys contains excessive levels of lead, violating the federal lead paint standard.",,https://www.cpsc.gov/Recalls/2008/AAFES-Recalls-Soldier-Bear-Toys-Due-to-Violation-of-Lead-Paint-Standard,2007
cpsc,08528,20071219,Giant Measuring Chart,"Discount School Supply, of Monterey, Calif.",China,,paint,"The paint on the grow chart contains excess levels of lead, violating the federal lead paint standard.",,https://www.cpsc.gov/Recalls/2008/Discount-School-Supply-Recalls-Measuring-Chart-Due-to-Violation-of-Lead-Paint-Standard,2007
cpsc,08133,20071213,Baby Toys Baby Bead & Wire Toys and Speed Racer Pull Back & Go Action! Cars,,China,,toys_children,"The recalled toys contain excessive levels of lead, violating the federal lead paint standard.",,https://www.cpsc.gov/Recalls/2008/Childrens-Toys-Recalled-by-Dollar-Tree-Stores-Due-to-Violation-of-Lead-Paint-Standard,2007
cpsc,08526,20071213,Children's Robbie Ducky Holiday Water Globes,,China,,toys_children,"The painted base of the water globes contain excessive levels of lead, violating the federal lead paint standard.",,https://www.cpsc.gov/Recalls/2008/Childrens-Water-Globes-Recalled-Due-to-Violation-of-Lead-Paint-Standard-Sold-Exclusively-at-Jo-Ann-Fabric-and-Craft-Stores,2007
cpsc,08132,20071213,Codeena Princess Children's Metal Jewlery,,China,,toys_children,The recalled jewelry contains high levels of lead. Lead is toxic if ingested by young children and can cause adverse health effects.,,https://www.cpsc.gov/Recalls/2008/Codee-International-Corp-Recalls-Childrens-Jewelry-Due-to-Risk-of-Lead-Exposure,2007
cpsc,08130,20071212,Fishing Games,,China,,paint,"The recalled game has parts that contain excessive levels of lead, violating the federal lead paint standard.",,https://www.cpsc.gov/Recalls/2008/Fishing-Games-Sold-at-Grocery-Stores-Recalled-by-Far-East-Brokers-Due-to-Violation-of-Lead-Paint-Standard,2007
cpsc,08128,20071212,Horseshoe Magnets,,India,,paint,"Surface paint on the magnets contains high levels of lead, violating the federal lead paint standards.",,https://www.cpsc.gov/Recalls/2008/Horseshoe-Magnets-Recalled-by-United-Scientific-Due-to-Violation-of-Lead-Paint-Standard,2007
cpsc,08087,20071207,Children's Sunglasses,,China,,toys_children,"Surface paint on the sunglasses can contain excessive levels of lead, violating the federal lead paint standard.",,https://www.cpsc.gov/Recalls/2008/Childrens-Sunglasses-Recalled-by-FGX-International-Due-to-Violation-of-Lead-Paint-Standard,2007
cpsc,08122,20071206,Holiday Figurines,"Creative Design, of Hong Kong",China,,tableware,Surface paint on the holiday figurines contains lead.,,https://www.cpsc.gov/Recalls/2008/The-Home-Depot-Recalls-Holiday-Figurines-Due-to-Lead-Paint-Hazard,2007
cpsc,08119,20071206,The First Years 3-in-1 Flush and Sounds Potty Seats,,China,,paint,"Decorative plaque inserted into the back of the potty seat could have orange paint that contains excessive levels of lead, violating the federal lead paint standard.",,https://www.cpsc.gov/Recalls/2008/RC2-Recalls-Potty-Training-Seats-Due-to-Violation-of-Lead-Paint-Standard,2007
cpsc,08112,20071205,Collectible Mini Helmets,,China,,paint,"Surface paints on the recalled helmets contain excessive levels of lead, violating the federal lead paint standard.",,https://www.cpsc.gov/Recalls/2008/Bell-Racing-Recalls-Collectible-Mini-Racing-Helmets-Due-to-Violation-of-Lead-Paint-Standard,2007
cpsc,08107,20071129,DesignWare® Confetti Bursts,,China,,paint,"The surface paint on the individual bags of confetti contains excessive levels of lead, violating the federal lead paint standard.",,https://www.cpsc.gov/Recalls/2008/American-Greetings-Corp-Recalls-Confetti-Bursts-Due-to-Violation-of-Lead-Paint-Standard,2007
cpsc,08105,20071128,"2006 Snow Princess Stirrup Ornaments, 2007 Holiday Stirrup Ornaments, 2007 Photo Frame Horseshoe Ornaments",,China,,paint,"Surface paints on the ornaments contain high levels of lead, violating the federal lead paint standards.",,https://www.cpsc.gov/Recalls/2008/Reeves-International-Inc-Recalls-Holiday-Ornaments-Due-to-Violation-of-Lead-Paint-Standard,2007
cpsc,08097,20071121,Boppy® Slipcovers,,China,,other,"The zipper pull on the slipcovers can break, posing a choking hazard to young children. In addition, paint on the zippers contains excess levels of lead, which violates the federal lead paint standard.",,https://www.cpsc.gov/Recalls/2008/Slipcovers-Used-With-Boppy-Pillows-Recalled-Due-to-Choking-Hazard-and-Risk-of-Lead-Exposure,2007
cpsc,08096,20071121,Children's Pencil Pouches,,China,,toys_children,"The paint on the pencil pouches' zipper pulls contains excessive levels of lead, violating the federal lead paint standard.",,https://www.cpsc.gov/Recalls/2008/Childrens-Pencil-Pouches-Recalled-by-Raymond-Geddes--Co-Due-to-Violation-of-Lead-Paint-Standard,2007
cpsc,08091,20071121,Crystal Innovations jewelry,,China,,toys_children,The recalled metal jewelry contains high levels of lead. Lead is toxic if ingested by young children and can cause adverse health effects.,,https://www.cpsc.gov/Recalls/2008/Pure-Allure-Recalls-Metal-Jewelry-Sold-at-Michaels-Stores-Due-to-Risk-of-Lead-Exposure-to-Children,2007
cpsc,08088,20071121,Rachel Rose and Distinctly Basics Assorted Metal Jewelry,"Family Dollar Stores, of Charlotte, N.C.",China,,toys_children,The recalled jewelry contains high levels of lead. Lead is toxic if ingested by young children and can cause adverse health effects.,,https://www.cpsc.gov/Recalls/2008/Metal-Jewelry-Sold-by-Family-Dollar-Stores-Recalled-Due-to-Risk-of-Lead-Exposure-to-Children,2007
cpsc,08092,20071121,La Femme NY Children's Necklace and Earring Sets,"La Femme NY 2 Inc., of Brooklyn, N.Y.",China,,toys_children,The recalled jewelry contains high levels of lead. Lead is toxic if ingested by young children and can cause adverse health effects.,,https://www.cpsc.gov/Recalls/2008/La-Femme-NY-Inc-Recalls-Childrens-Necklace-and-Earring-Sets-Due-to-Risk-of-Lead-Exposure,2007
cpsc,08090,20071121,Shaving Paint Brushes,,China,,paint,"Surface paint on the brush handles can contain excessive levels of lead, violating the federal lead paint standard.",,https://www.cpsc.gov/Recalls/2008/Discount-School-Supply-Recalls-Paint-Brushes-Due-to-Violation-of-Lead-Paint-Standard,2007
cpsc,08093,20071121,Children's Metal Necklaces and Bracelets,"Colossal Jewelry & Accessories Inc., of Maywood, N.J.",China,,toys_children,The recalled jewelry contains high levels of lead. Lead is toxic if ingested by young children and can cause adverse health effects.,,https://www.cpsc.gov/Recalls/2008/Childrens-Metal-Jewelry-Recalled-by-Colossal-Jewelry--Accessories-Due-to-Risk-of-Lead-Exposure,2007
cpsc,08095,20071121,Sparkle City Charm Bracelets and Tack Pin Sets,,China,,toys_children,The recalled jewelry contains high levels of lead. Lead is toxic if ingested by young children and can cause adverse health effects.,,https://www.cpsc.gov/Recalls/2008/Childrens-Metal-Jewelry-Recalled-by-Buy-Rite-Due-to-Risk-of-Lead-Exposure,2007
cpsc,08094,20071121,Decorative Stretchable Aqua Bracelets,,China,,toys_children,The bracelets contain high levels of lead. Lead is toxic if ingested by young children and can cause adverse health effects.,,https://www.cpsc.gov/Recalls/2008/Cherrydale-Fundraising-Recalls-Bracelets-Due-to-Risk-of-Lead-Exposure,2007
cpsc,08084,20071116,Halloween-Themed Baskets,,China,,paint,"Surface paint on the bat, pumpkin and witch emblems attached to the baskets contain excess levels of lead, which violates the federal lead paint ban.",,https://www.cpsc.gov/Recalls/2008/Hobby-Lobby-Stores-Recalls-Halloween-Themed-Baskets-Due-to-Violation-of-Lead-Paint-Standard-,2007
cpsc,08080,20071108,Children's Fashion Sunglasses,,China,,toys_children,"The yellow surface paint on the sunglasses may contain excessive levels of lead, violating the federal lead paint standard.",,https://www.cpsc.gov/Recalls/2008/Childrens-Sunglasses-Recalled-by-Dollar-General-Due-to-Violation-of-Lead-Paint-Standard,2007
cpsc,08079,20071108,Curious George Plush Dolls,"Marvel Toys, of New York, N.Y.",China,,toys_children,"Surface paint on the toy's plastic face and construction hat contain excessive levels of lead, which violates the federal lead paint standard.",,https://www.cpsc.gov/Recalls/2008/Curious-George-Plush-Dolls-Recalled-By-Marvel-Toys-Due-to-Risk-of-Lead-Exposure,2007
cpsc,08068,20071107,Pull-Back Action Toy Cars,,China,,toys_children,"Surface paint on the cars contains excessive levels of lead, violating the federal lead paint standard.",,https://www.cpsc.gov/Recalls/2008/Toy-Cars-Recalled-by-Dollar-General-Due-to-Violation-of-Lead-Paint-Standard,2007
cpsc,08069,20071107,Duck Family Collectable Wind-Up Toy,,China,,toys_children,"Surface paints on the ducks contain excessive levels of lead, which violates the federal lead paint standard.",,https://www.cpsc.gov/Recalls/2008/Schylling-Associates-Recalls-Duck-Family-Collectable-Toy-Due-To-Violation-of-Lead-Paint-Standard,2007
cpsc,08070,20071107,Winnie-the-Pooh Spinning Top,,China,,toys_children,"Surface paint on the wooden handle of the top contains excessive levels of lead, violating the federal lead paint standard.",,https://www.cpsc.gov/Recalls/2008/Additional-Spinning-Top-Recalled-by-Schylling-Associates-Due-To-Violation-of-Lead-Paint-Standard,2007
cpsc,08067,20071107,Dragster and Funny Car toys,,China,,toys_children,"Surface paint on the wheels and engine of the toys contains excessive levels of lead, violating the federal lead paint standard.",,https://www.cpsc.gov/Recalls/2008/International-Sourcing-Ltd-Recalls-Toy-Dragster-and-Funny-Car-Due-to-Violation-of-Lead-Paint-Standard,2007
cpsc,08066,20071107,Big Red Wagons,,China,,paint,"Surface paints on the wagon and handle contain excessive levels of lead, violating the federal lead paint standard.",,https://www.cpsc.gov/Recalls/2008/Northern-Tool--Equipment-Recalls-Big-Red-Wagons-Due-to-Violation-of-Lead-Paint-Standard,2007
cpsc,08072,20071107,Robot 2000 collectable tin robot,,China,,toys_children,"Surface paints on the robot contain excessive levels of lead, which violates the federal lead paint standard.",,https://www.cpsc.gov/Recalls/2008/Schylling-Associates-Recalls-Collectable-Toy-Robot-Due-To-Violation-of-Lead-Paint-Standard,2007
cpsc,08071,20071107,Dizzy Ducks Music Box,,China,,toys_children,"Surface paints on the wooden base of the music box contain excessive levels of lead, which violates the federal lead paint standard.",,https://www.cpsc.gov/Recalls/2008/Schylling-Associates-Recalls-Dizzy-Ducks-Music-Box-Due-To-Violation-of-Lead-Paint-Standard,2007
cpsc,08058,20071101,Decorative Packaging Pearl-like Bead Attachments sold with Girl's Gift Sets,,China,,paint,"Surface coating on a plastic bead decorative packaging attachment contains excessive levels of lead, violating the federal lead paint standard.",,https://www.cpsc.gov/Recalls/2008/Pearl-like-Bead-Attachment-Sold-with-Girls-Gift-Sets-Recalled-Due-to-Violation-of-Lead-Paint-Standard-Sold-exclusively-at-Limited-Too-Stores,2007
cpsc,08059,20071031,Ugly Teeth Party Favors,,China,,paint,"The surface paint on the teeth contains excessive levels of lead, violating the federal lead paint standard.",,https://www.cpsc.gov/Recalls/2008/-Ugly-Teeth-Recalled-By-Amscan-Inc-Due-to-Violation-of-Lead-Paint-Standard,2007
cpsc,08056,20071031,Ribbit Board Games,,China,,other,"Surface paint on the five frog-shaped wooden pieces contain excess levels of lead, violating the federal lead paint standard.",,https://www.cpsc.gov/Recalls/2008/SimplyFun-Recalls-Ribbit-Board-Games-Due-to-Risk-of-Lead-Exposure,2007
cpsc,08060,20071031,Galaxy Warriors Toy Figures,,China,,toys_children,"Surface paints on the recalled toys contain excessive levels of lead, violating the federal lead paint standard.",,https://www.cpsc.gov/Recalls/2008/Toy-Figures-Recalled-by-Henry-Gordy-International-Due-to-Violation-of-Lead-Paint-Standard,2007
cpsc,08057,20071031,Elite Operations Toys,"Toy World Group Ltd/Chun Tat Toys Factory Limited, of Guangdong, China",China,,toys_children,"Surface coatings on the toys contain excessive levels of lead, violating the federal lead paint standard.",,https://www.cpsc.gov/Recalls/2008/Toys-R-Us-Recalls-Elite-Operations-Toys-Due-to-Violation-of-Lead-Paint-Standard,2007
cpsc,08044,20071025,WeGlow Children's Metal Jewelry,,China,,toys_children,The recalled jewelry contains high levels of lead. Lead is toxic if ingested by young children and can cause adverse health effects.,,https://www.cpsc.gov/Recalls/2008/Childrens-Metal-Jewelry-Recalled-By-WeGlow-International-Due-to-Risk-of-Lead-Exposure,2007
cpsc,08050,20071025,Football Bobble Head Cake Decorations,"DecoPac Inc., of Anoka, Minn.",China,,paint,Surface paint on the body of the bobble head contains lead in excess of the federal lead paint standard.,,https://www.cpsc.gov/Recalls/2008/DecoPac-Inc-Recalls-Football-Bobble-Head-Cake-Decorations-Due-to-Violation-of-Lead-Paint-Standard,2007
cpsc,08045,20071025,"Beary Cute, Expressions, and Sassy & Chic Children's Metal Jewelry",,China,,toys_children,The recalled jewelry contains high levels of lead. Lead is toxic if ingested by young children and can cause adverse health effects.,,https://www.cpsc.gov/Recalls/2008/Dollar-Tree-Stores-Inc-Recalls-Childrens-Jewelry-Due-to-Risk-of-Lead-Exposure,2007
cpsc,08051,20071025,Purple Halloween Pails with Witch Decorations,,China,,toys_children,"The green paint on the pails contains excessive levels of lead, violating the federal lead paint standard.",,https://www.cpsc.gov/Recalls/2008/Family-Dollar-Stores-Recalls-Halloween-Pails-Due-to-Violation-of-Lead-Paint-Standard,2007
cpsc,08048,20071025,Go Diego Go Animal Rescue Boats,,China,,toys_children,"Surface paints on the toys contain excessive levels of lead, which violates the federal standard prohibiting lead paint on children's toys.",,https://www.cpsc.gov/Recalls/2008/Fisher-Price-Recalls-Go-Diego-Go-Boat-Toys-Due-to-Violation-of-Lead-Paint-Standard,2007
cpsc,08049,20071025,Children's Toy Gardening Tools,"Jo-Ann Stores Inc., of Hudson, Ohio",China,,toys_children,"Surface paint on the handle of the toy gardening tools can contain excessive levels of lead paint, violating the federal lead paint standard.",,https://www.cpsc.gov/Recalls/2008/Jo-Ann-Stores-Expands-Recall-of-Childrens-Toy-Garden-Tools-Due-to-Violation-of-Lead-in-Paint-Standard,2007
cpsc,08033,20071017,Skull Pails Filled With Halloween Candy Mix,"R.L. Albert & Son, of Greenwich, Conn.",China,,paint,"The surface paint on the eyes, nose, and teeth of the skull contains excessive levels of lead, violating the federal lead paint standard.",,https://www.cpsc.gov/Recalls/2008/Alberts-Recalls-Halloween-Skull-Pails-Due-to-Violation-of-Lead-Paint-Standard,2007
cpsc,08032,20071017,Cool Clip™ and Mini Cool Clip™ Bookmarks,,China,,paint,"Paint on the clip of the bookmarks contains excessive levels of lead, which violates the federal lead paint standard.",,https://www.cpsc.gov/Recalls/2008/Antioch-Publishing-Recalls-Additional-Bookmarks-Due-to-Violation-of-Lead-Paint-Standard,2007
cpsc,08031,20071017,Tabletop Puppet Theaters,"Guidecraft Inc., of Englewood, N.J.",China,,toys_children,"Surface paints on the puppet theater's wooden panels contain excessive levels of lead, violating the federal lead paint standard.",,https://www.cpsc.gov/Recalls/2008/Guidecraft-Inc-Recalls-Childrens-Puppet-Theaters-Due-to-Violation-of-Lead-Paint-Standard,2007
cpsc,08501,20071011,Kidnastics Balance Beams,,Taiwan,,paint,"Surface paint on the balance beam contains excessive levels of lead, violating the federal lead paint standard.",,https://www.cpsc.gov/Recalls/2008/Flaghouse-Inc-Recalls-Kidnastics-Balance-Beams-Due-to-Violation-of-Lead-Paint-Standard,2007
cpsc,08023,20071011,Deluxe Wood Art Sets,,Taiwan,,paint,"Surface paint on the outside of the wooden box contains excessive levels of lead, violating the federal lead paint standard.",,https://www.cpsc.gov/Recalls/2008/JC-Penney-Recalls-Deluxe-Art-Sets-Due-to-Violation-of-Lead-Paint-Standard,2007
cpsc,08024,20071011,Breyer 2006 Stirrup Ornaments,,China,,paint,"Surface paints on the ornaments contain excessive levels of lead, violating the federal lead paint standard.",,https://www.cpsc.gov/Recalls/2008/JC-Penney-Recalls-Breyer-Stirrup-Ornaments-Due-to-Violation-of-Lead-Paint-Standard,2007
cpsc,08019,20071011,"Collectible ""Jeff Gordon"" Mini Helmets",,China,,paint,"Surface paints on the recalled helmets contain excessive levels of lead, violating the federal lead paint standard.",,https://www.cpsc.gov/Recalls/2008/Riddell-Recalls-Collectible-Mini-Racing-Helmets-Due-to-Violation-of-Lead-Paint-Standard,2007
cpsc,08021,20071011,Princess Magnetic Travel Art Set Lap Desks,,China,,paint,The surface paint on the zipper pull of the lap desk contains lead in excess of the federal lead paint standard.,,https://www.cpsc.gov/Recalls/2008/Cracker-Barrel-Old-Country-Store-Recalls-Travel-Art-Sets-Due-to-Violation-of-Lead-Paint-Standard,2007
cpsc,08020,20071011,Bendable Dinosaur Toys,,China,,toys_children,The recalled toys pose a risk of lead exposure to young children.,,https://www.cpsc.gov/Recalls/2008/Bendable-Dinosaur-Toys-Recalled-by-Kipp-Brothers-for-Excessive-Lead,2007
cpsc,08022,20071011,Disney™ Deluxe Winnie-the-Pooh 23-Piece Play Sets,,China,,toys_children,"Surface paints on the play sets contain excessive levels of lead, violating the federal lead paint standard.",,https://www.cpsc.gov/Recalls/2008/JC-Penney-Recalls-Disney-Winnie-the-Pooh-Play-Sets-Due-to-Violation-of-Lead-Paint-Standard,2007
cpsc,08018,20071009,Cub Scouts Totem Badges,,China,,paint,"The surface paints on the badges contain excessive levels of lead, violating the federal lead paint standard.",,https://www.cpsc.gov/Recalls/2008/Kahoot-Products-Inc-Recalls-Cub-Scouts-Totem-Badges-Due-to-Violation-of-Lead-Paint-Standard,2007
cpsc,08010,20071004,Bookmarks and Journals,,China,,paint,"Paint on the spiral metal bindings of the journals, clip of the bookmarks and the clear coating on the marquis bookmarks and bracelets contain excessive levels of lead, which violates the federal lead paint ban.",,https://www.cpsc.gov/Recalls/2008/Antioch-Publishing-Recalls-Bookmarks-and-Journals-Due-to-Violation-of-Lead-Paint-Standard,2007
cpsc,08008,20071004,Children's Toy Decorating Sets,"CKI Toys, of Hong Kong",China,,toys_children,"Surface paint on the back of the recalled mirror contains excessive levels of lead, violating the federal lead paint standard.",,https://www.cpsc.gov/Recalls/2008/CKI-Recalls-Childrens-Decorating-Sets-Due-to-Violation-of-Lead-Paint-Standard-Sold-Exclusively-at-Toys-R-Us-,2007
cpsc,08007,20071004,Frankenstein Tumblers,,China,,toys_children,"Surface paint on the center of the eyes of some of the cups can contain high levels of lead, violating the federal lead paint standard.",,https://www.cpsc.gov/Recalls/2008/Dollar-General-Recalls-Tumblers-Due-to-Violation-of-Lead-Paint-Standard,2007
cpsc,08006,20071004,Pirates of the Caribbean Medallion Squeeze Lights,,China,,toys_children,"Surface paints on the leather strap attached to the medallion squeeze light contain excessive levels of lead, violating the federal lead paint standard.",,https://www.cpsc.gov/Recalls/2008/Eveready-Battery-Co-Recalls-Toy-Flashlights-Due-to-Violation-of-Lead-Paint-Standard,2007
cpsc,08004,20071004,"Wooden Pull-Along Alphabet & Math Blocks Wagons, Wooden Pull-Along Learning Blocks Wagons, 10-in-1 Activity Learning Carts, and Flip-Flop Alphabet Blocks",,China,,toys_children,"Surface paints on the toys can contain excessive levels of lead, violating the federal lead paint standard.",,https://www.cpsc.gov/Recalls/2008/KB-Toys-Recalls-Wooden-Toys-Due-to-Violation-of-Lead-Paint-Standard,2007
cpsc,08009,20071004,Key Chains,,China,,toys_children,The key chains contain high levels of lead. Lead is toxic if ingested by young children and can cause adverse health effects.,,https://www.cpsc.gov/Recalls/2008/Key-Chains-Recalled-by-Dollar-General-Due-to-Risk-of-Lead-Exposure,2007
cpsc,08005,20071004,Baby Einstein Discover & Play Color Blocks,,China,,toys_children,"Surface paint on the blue block contains excessive levels of lead, violating the federal lead paint standard.",,https://www.cpsc.gov/Recalls/2007/Kids-II-Recalls-Baby-Einstein-Color-Blocks-Due-to-Violation-of-Lead-Paint-Standard,2007
cpsc,08011,20071004,Alpine Design Aluminum Water Bottles,,China,,paint,"The surface paint on the water bottle contains excessive levels of lead, violating the federal lead paint standard.",,https://www.cpsc.gov/Recalls/2008/Sports-Authority-Recalls-Aluminum-Water-Bottles-Due-to-Violation-of-Lead-Paint-Standard,2007
cpsc,07313,20070926,Children's Spinning Wheel Metal Necklaces,"Rhode Island Novelty, of Cumberland, R.I.",China,,toys_children,The clasp on the necklaces contains high levels of lead. Lead is toxic if ingested by young children and can cause adverse health effects.,,https://www.cpsc.gov/Recalls/2007/Childrens-Spinning-Wheel-Metal-Necklaces-Recalled-By-Rhode-Island-Novelty-Due-to-Risk-of-Lead-Exposure,2007
cpsc,07311,20070926,Children's Toy Rake,,China,,toys_children,"Surface paint on the handle of the rake can contain excessive levels of lead paint, violating the federal lead paint standard.",,https://www.cpsc.gov/Recalls/2007/Childrens-Toy-Rakes-Sold-Exclusively-at-Jo-Ann-Fabric-and-Craft-Stores-Recalled-Due-to-Violation-of-Lead-in-Paint-Standard,2007
cpsc,07312,20070926,Floor Puppet Theaters,"Guidecraft Inc., of Englewood, N.J.",China,,toys_children,"Surface paints on the puppet theater's wooden panels contain excessive levels of lead, violating the federal lead paint standard.",,https://www.cpsc.gov/Recalls/2007/Guidecraft-Inc-Recalls-Childrens-Puppet-Theaters-Due-to-Violation-of-Lead-Paint-Standard,2007
cpsc,07310,20070926,"Britain's ""Knights of the Sword"" Series Toys",,China,,toys_children,"Surface paints on the toy knights contain excessive levels of lead, violating the federal lead paint standard.",,https://www.cpsc.gov/Recalls/2007/RC2-Recalls-Knights-of-the-Sword-Toys-Due-to-Violation-of-Lead-Paint-Standard,2007
cpsc,07309,20070926,Happy Giddy Gardening Tools and Children's Sunny Patch Chairs,"Starite International Ltd., of Taiwan",China,,toys_children,"The surface paint on the recalled gardening tools and chairs contains excessive levels of lead, violating the federal lead paint standard.",,https://www.cpsc.gov/Recalls/2007/Target-Recalls-Childrens-Toy-Gardening-Tools-and-Chairs-Due-to-Violation-of-Lead-Paint-Standard,2007
cpsc,07314,20070926,TOBY & ME Jewelry Sets,,China,,toys_children,The recalled metal jewelry sets contain high levels of lead. Lead is toxic if ingested by young children and can cause adverse health effects.,,https://www.cpsc.gov/Recalls/2007/TOBY-NYC-Expands-Childrens-Metal-Jewelry-Recall-Due-to-Risk-of-Lead-Exposure,2007
cpsc,07308,20070926,Various Thomas and Friends™ Wooden Railway Toys,,China,,toys_children,"Surface paints on the toys can contain excessive levels of lead, violating the federal lead paint standard.",,https://www.cpsc.gov/Recalls/2007/RC2-Corp-Recalls-Additional-Thomas--Friends-Wooden-Railway-Toys-Due-to-Violation-of-Lead-Paint-Standard,2007
cpsc,07303,20070904,Big Big World 6-in-1 Bongo Band toys,,China,,toys_children,"Surface paints on the toys contain excessive levels of lead, which violates the federal law prohibiting lead paint on children's toys.",,https://www.cpsc.gov/Recalls/2007/Fisher-Price-Recalls-Bongo-Band-Toys-Due-to-Violation-of-Lead-Paint-Standard,2007
cpsc,07302,20070904,Geo Trax Locomotive Toys,,China,,toys_children,Surface paints on the toys contain excessive levels of lead.,,https://www.cpsc.gov/Recalls/2007/Fisher-Price-Recalls-Geo-Trax-Locomotive-Toys-Due-To-Violation-of-Lead-Paint-Standard,2007
cpsc,07301,20070904,Various Barbie Accessory Toys,,China,,toys_children,"Surface paints on the toys contain excessive levels of lead, which is prohibited under federal law.",,https://www.cpsc.gov/Recalls/2007/Mattel-Recalls-Various-Barbie-Accessory-Toys-Due-to-Violation-of-Lead-Paint-Standard,2007
cpsc,07299,20070830,Imaginarium Wooden Coloring Cases,,China,,toys_children,"The printed ink on the outer packaging of the wood case contains lead. Also, some of the black watercolor paint contains excessive levels of lead, which violates the federal lead paint standard.",,https://www.cpsc.gov/Recalls/2007/Toys-R-Us-Recalls-Wooden-Coloring-Cases-Due-To-Violation-of-Lead-Paint-Standard,2007
cpsc,07290,20070828,Robbie Ducky™ Kids Watering Cans,,China,,toys_children,"The beak of the watering can contains lead in the paint, which violates the federal law prohibiting lead paint on children's toys. Lead is toxic if ingested by young children and can cause adverse health effects.",,https://www.cpsc.gov/Recalls/2007/Childrens-Watering-Cans-Sold-Exclusively-at-Jo-Ann-Fabric-and-Craft-Stores-Recalled-Due,2007
cpsc,07281,20070822,Children's Divine Inspiration Charm Bracelets,,China,,toys_children,The recalled jewelry contains high levels of lead. Lead is toxic if ingested by young children and can cause adverse health effects.,,https://www.cpsc.gov/Recalls/2007/Childrens-Charm-Bracelets-Sold-by-Buy-Rite-Recalled-Due-to-Risk-of-Lead-Exposure,2007
cpsc,07280,20070822,TOBY & ME Jewelry Sets,,China,,toys_children,The recalled metal jewelry sets contain high levels of lead. Lead is toxic if ingested by young children and can cause adverse health effects.,,https://www.cpsc.gov/Recalls/2007/Childrens-Metal-Jewelry-Recalled-by-TOBY-NYC-Due-to-Risk-of-Lead-Exposure,2007
cpsc,07283,20070822,SpongeBob SquarePants™ Address Books and Journals,,China,,paint,"The paint on the metal spiral bindings of the address books and journals can contain excessive levels of lead, which violates the federal lead paint ban. Lead is toxic if ingested by young children and can cause adverse health effects.",,https://www.cpsc.gov/Recalls/2007/Martin-Designs-Inc-Recalls-SpongeBob-SquarePants-Character-Address-Books-and-Journals-Due-to-Violation-of-Lead-Paint-Standard,2007
cpsc,07282,20070822,Spinning Tops and Tin Pails,,China,,toys_children,"Surface paints on the wooden handles of the tops and pails contain excessive levels of lead, which violates the federal lead paint standard. Lead is toxic if ingested by young children and can cause adverse health effects.",,https://www.cpsc.gov/Recalls/2007/Thomas-and-Friends-Curious-George-and-Other-Spinning-Tops-and-Tin-Pails-Recalled-By-Schylling-Associates-Due-To-Violation-of-Lead-Paint-Standard,2007
cpsc,07570,20070821,Magnetic Toy Train Sets,,China,,toys_children,"The paint on the trains contains excessive amounts of lead, posing a risk of lead exposure to young children.",,https://www.cpsc.gov/Recalls/2007/Hampton-Direct-Recalls-Magnetic-Toy-Train-Sets-Due-to-Lead-Exposure-Risk,2007
cpsc,07270,20070814,Sarge die cast toy cars,,China,,toys_children,Surface paints on the toys could contain lead levels in excess of federal standards. Lead is toxic if ingested by young children and can cause adverse health effects.,,https://www.cpsc.gov/Recalls/2007/Mattel-Recalls-Sarge-Die-Cast-Toy-Cars-Due-To-Violation-of-Lead-Safety-Standard-,2007
cpsc,07257,20070802,"Sesame Street, Dora the Explorer, and other children's toys",,China,,toys_children,Surface paints on the toys could contain excessive levels of lead. Lead is toxic if ingested by young children and can cause adverse health effects.,,https://www.cpsc.gov/Recalls/2007/Fisher-Price-Recalls-Licensed-Character-Toys-Due-To-Lead-Poisoning-Hazard-,2007
cpsc,07239,20070718,Soldier Bear Toy Sets,"Toy Century Industrial Ltd., of Hong Kong",Hong Kong,,toys_children,"Surface paints on the toy action figures, dinosaurs and animals contain high levels of lead. Lead is toxic if ingested by young children and can cause adverse health effects.",,https://www.cpsc.gov/Recalls/2007/AAFES-Expands-Recall-of-Soldier-Bear-Toy-Sets-Due-to-Lead-Poisoning-Hazard,2007
cpsc,07241,20070717,Sleeping Beauty Crown and Cinderella Star Earring Sets,"Uncas Manufacturing Company, of Providence, RI",China,,toys_children,The recalled metal earring sets contain high levels of lead. Lead is toxic if ingested by young children and can cause adverse health effects.,,https://www.cpsc.gov/Recalls/2007/Childrens-Earrings-Sold-at-Wal-Mart-Stores-in-Florida-Recalled-by-Uncas-Manufacturing-Co-Due-to-Lead-Poisoning-Hazard,2007
cpsc,07232,20070705,Essentials for Kids Jewelry Sets,,China,,toys_children,The recalled metal jewelry sets contain high levels of lead. Lead is toxic if ingested by young children and can cause adverse health effects.,,https://www.cpsc.gov/Recalls/2007/Childrens-Metal-Jewelry-Recalled-by-Future-Industries-Due-to-Lead-Poisoning-Hazard,2007
cpsc,07218,20070619,Butterfly Necklaces,,China,,toys_children,The metal clasp on the necklace contains high levels of lead. Lead is toxic if ingested by young children and can cause adverse health effects.,,https://www.cpsc.gov/Recalls/2007/Childrens-Necklaces-Recalled-by-GeoCentral-Due-to-Lead-Poisoning-Hazard,2007
cpsc,07212,20070613,Thomas & Friends™ Wooden Railway Toys,,China,,toys_children,Surface paints on the recalled products contain lead. Lead is toxic if ingested by young children and can cause adverse health effects.,,https://www.cpsc.gov/Recalls/2007/RC2-Corp-Recalls-Various-Thomas--Friends-Wooden-Railway-Toys-Due-to-Lead-Poisoning-Hazard,2007
cpsc,07210,20070612,Accessories Silver Stud Earring Sets,,China,,toys_children,The recalled earrings contain high levels of lead. Lead is toxic if ingested by young children and can cause adverse health effects.,,https://www.cpsc.gov/Recalls/2007/Silver-Stud-Earrings-Sold-Exclusively-at-Kmart-Recalled-by-Crimzon-Rose-Accessories-Due-to-Lead-Poisoning-Hazard,2007
cpsc,07202,20070531,Children's Metal Jewelry,,China,,toys_children,"The jewelry contains high levels of lead, which can cause adverse health effects and is toxic if ingested by young children.",,https://www.cpsc.gov/Recalls/2007/Childrens-Metal-Jewelry-Sold-at-Limited-Too-and-Justice-Stores-Recalled-by-Tween-Brands-Due-to-Lead-Poisoning-Hazard,2007
cpsc,07196,20070530,Eli's Small Drums and Liberty's Large Drums,,China,,toys_children,The red paint on the drums contains high levels of lead. Lead is toxic if ingested by young children and can cause adverse health effects.,,https://www.cpsc.gov/Recalls/2007/Toy-Drums-Recalled-by-The-Boyds-Collection-Ltd-Due-to-Lead-Poisoning-Hazard,2007
cpsc,07193,20070523,Invincibles Transport Converters Toy Sets,"Toy Century Industrial Ltd., of Hong Kong",Hong Kong,,toys_children,Surface paints on the toy action figures contain high levels of lead. Lead is toxic if ingested by young children and can cause adverse health effects.,,https://www.cpsc.gov/Recalls/2007/AAFES-Recalls-Soldier-Bear-Toy-Sets-Due-to-Lead-Poisoning-Hazard,2007
cpsc,07549,20070516,Budding Gardener Complete Gardening Set,,China,,toys_children,The stamp-painted logo on the backside of the gardening gloves contains high levels of lead. Lead is toxic if ingested by young children and can cause adverse health effects.,,https://www.cpsc.gov/Recalls/2007/Troy-Bilt-Recalls-Childrens-Gardening-Gloves-Due-to-Lead-Poisoning-Hazard,2007
cpsc,07188,20070515,"Children's Necklaces, Bracelets and Rings",,China,,toys_children,The recalled jewelry contains high levels of lead. Lead is toxic if ingested by young children and can cause adverse health effects.,,https://www.cpsc.gov/Recalls/2007/High-Lead-Levels-Prompt-Recall-of-Childrens-Metal-Jewelry-By-Spandrel-Sales-and-Marketing-Due-to-Lead-Poisoning-Hazard,2007
cpsc,07189,20070515,Children's Turquoise Rings,,China,,toys_children,The recalled rings contain high levels of lead. Lead is toxic if ingested by young children and can cause adverse health effects.,,https://www.cpsc.gov/Recalls/2007/Childrens-Rings-Recalled-By-Cardinal-Distributing-Due-to-Lead-Poisoning-Hazard,2007
cpsc,07172,20070502,Children's Religious Fish Necklaces,,China,,toys_children,The recalled children's necklaces contain high levels of lead. Lead is toxic if ingested by young children and can cause adverse health effects.,,https://www.cpsc.gov/Recalls/2007/Oriental-Trading-Company-Inc-Recalls-Childrens-Necklaces-Due-to-Lead-Hazard,2007
cpsc,07173,20070502,Anima-Bamboo Collection Games,"HaPe International Ltd., of Ningbo, China",China,,other,"The toys in the bamboo game sets could contain lead paint, which is toxic if ingested by young children and can cause adverse health effects.",,https://www.cpsc.gov/Recalls/2007/Target-Recalls-Anima-Bamboo-Collection-Games-Due-to-Lead-Poisoning-Hazard,2007
cpsc,07174,20070502,Children's Rings with Dice or Horseshoes,,India,,toys_children,The rings contain high levels of lead. Lead is toxic if ingested by young children and can cause adverse health effects. These rings were subject to the July 2004 recall of 150 million pieces of children's metal jewelry. The firm placed the recalled rings that it had pulled from stores back into cir,,https://www.cpsc.gov/Recalls/2007/Lead-Poisoning-Hazard-Prompts-Cardinal-Distributing-to-Again-Recall-Childrens-Rings,2007
cpsc,07157,20070417,"Children's Charm Bracelets and ""Sportswear"" Necklaces",,India,,toys_children,The paint on this jewelry contains high levels of lead. Lead is toxic if ingested by young children and can cause adverse health effects.,,https://www.cpsc.gov/Recalls/2007/900000-Childrens-Necklaces-and-Charm-Bracelets-Recalled-by-Cardinal-Distributing-Co-Due-to-Lead-Poisoning-Hazard,2007
cpsc,07144,20070403,"Children's ""Groovy Grabber"" Bracelets","A&A Global Industries, of Cockeysville, Md.",China,,toys_children,The paint on the metallic band beneath the decorative cover contains high levels of lead. Lead is toxic if ingested by young children and can cause adverse health effects.,,https://www.cpsc.gov/Recalls/2007/AA-Global-Industries-Recalls-Childrens-Bracelets-Due-to-Lead-Poisoning-Hazard,2007
cpsc,07145,20070403,Metal Key Chains,,China,,toys_children,The key chains contain high levels of lead. Lead is toxic if ingested by young children and can cause adverse health effects.,,https://www.cpsc.gov/Recalls/2007/Various-Metal-Key-Chains-Recalled-by-Dollar-General-for-Lead-Poisoning-Hazard,2007
cpsc,07141,20070328,Stuffed Fun Balls,"Regent Products Corp., River Grove, IL",China,,toys_children,"The stuffed balls contain lead paint, which is toxic if ingested by young children and can cause adverse health effects.",,https://www.cpsc.gov/Recalls/2007/Regent-Products-Corp-Recalls-Stuffed-Ball-Toys-Due-to-Lead-Hazard,2007
cpsc,07129,20070315,Children's Mood Necklaces,,China,,toys_children,The recalled jewelry contains high levels of lead. Lead is toxic if ingested by young children and can cause adverse health effects.,,https://www.cpsc.gov/Recalls/2007/Childrens-Mood-Necklaces-Recalled-by-Rhode-Island-Novelty-Due-to-Lead-Poisoning-Hazard,2007
cpsc,07128,20070315,Children's Necklaces,,China,,toys_children,The recalled necklaces contain high levels of lead. Lead is toxic if ingested by young children and can cause adverse health effects.,,https://www.cpsc.gov/Recalls/2007/Childrens-Necklaces-Sold-Exclusively-at-Claires-Stores-Recalled-Due-to-Lead-Poisoning-Hazard,2007
cpsc,07125,20070313,Children's Mood Necklaces,,China,,toys_children,The recalled jewelry contains high levels of lead. Lead is toxic if ingested by young children and can cause adverse health effects.,,https://www.cpsc.gov/Recalls/2007/Childrens-Necklaces-Sold-Exclusively-at-Accessories-Palace-Recalled-by-United-Imports-Due-to-Lead-Poisoning-Hazard,2007
cpsc,07127,20070313,Elite Operations Toy Sets,"Toy Century Industrial Company Ltd., of Hong Kong",China,,toys_children,"These toys contain high levels of lead in the paint, which is toxic if ingested by young children and can cause adverse health effects. Also, the toys have sharp points, posing a laceration hazard.",,https://www.cpsc.gov/Recalls/2007/Toys-R-Us-Recalls-Elite-Operations-Toy-Sets-Due-to-Lead-and-Laceration-Hazards,2007
cpsc,07531,20070307,Elite 5-in-1 Easels,,China,,toys_children,The paint on the chalkboard side of the recalled easels contains high levels of lead. Lead is toxic if ingested by young children and can cause adverse health effects.,,https://www.cpsc.gov/Recalls/2007/Discount-School-Supply-Recalls-Childrens-Two-Sided-Easels-Due-to-Lead-Poisoning-Hazard,2007
cpsc,07114,20070223,Claudia Jublot Children's Rings,,China,,toys_children,The recalled jewelry contains high levels of lead. Lead is toxic if ingested by young children and can cause adverse health effects.,,https://www.cpsc.gov/Recalls/2007/Childrens-Rings-Sold-at-Big-Lots-Stores-Recalled-By-Lari-Jewelry-Company-Due-to-Lead-Poisoning-Hazard,2007
cpsc,07113,20070223,"Children's ""Kidsite"" Necklace and Earring Sets",,China,,toys_children,The recalled jewelry contains high levels of lead. Lead is toxic if ingested by young children and can cause adverse health effects.,,https://www.cpsc.gov/Recalls/2007/Childrens-Jewelry-Sold-Exclusively-at-Kmart-Recalled-by-Crimzon-Rose-Accessories-Due-to-Lead-Poisoning-Hazard,2007
cpsc,07102,20070213,Heavyweight Outerwear Jackets,"Samara Brothers LLC, of New York, N.Y.",China,,toys_children,"The snap closures on the outerwear jackets contain excessive amounts of lead, which poses a lead poisoning hazard.",,https://www.cpsc.gov/Recalls/2007/Samara-Brothers-Recalls-Boys-Jackets-Due-to-Lead-Poisoning-Hazard,2007
cpsc,07099,20070207,"Children's ""Ultra Gear"" Bracelets",,China,,toys_children,The recalled jewelry contains high levels of lead. Lead is toxic if ingested by young children and can cause adverse health effects.,,https://www.cpsc.gov/Recalls/2007/Childrens-Bracelets-Recalled-by-DM-Merchandising-Due-to-Lead-Poisoning-Hazard,2007
cpsc,07098,20070207,"Children's ""Rachael Rose Kidz"" Rings",,China,,toys_children,The recalled jewelry contains high levels of lead. Lead is toxic if ingested by young children and can cause adverse health effects.,,https://www.cpsc.gov/Recalls/2007/Childrens-Rings-Recalled-by-Shalom-International-Due-to-Lead-Poisoning-Hazard,2007
cpsc,07082,20070118,Children's Butterfly Necklaces,,China,,toys_children,The pendant on the necklace contains high levels of lead. Lead is toxic if ingested by young children and can cause adverse health effects.,,https://www.cpsc.gov/Recalls/2007/US-Toy-Co-Recalls-More-Childrens-Butterfly-Necklaces-Due-to-Lead-Poisoning,2007
cpsc,07516,20070105,Starting Out Shirt and Overalls,"Samara Brothers LLC, of New York, N.Y.",China,,toys_children,"The coatings on the snaps in the overalls and shirt contain excessive amounts of lead, posing a serious risk of lead poisoning and adverse health effects to young children.",,https://www.cpsc.gov/Recalls/2007/Samara-Brothers-Recalls-Childrens-Two-Piece-Overall-Sets-Snaps-Contain-Lead,2007
cpsc,07513,20061219,Gigantic Gemstone Ring,,China,,toys_children,The recalled rings could contain high levels of lead. Lead is toxic if ingested by young children and can cause adverse health effects.,,https://www.cpsc.gov/Recalls/2007/Celebrate-Express-Inc-Recalls-Gigantic-Gemstone-Ring-Party-Favors-Due-to-Lead-Poisoning-Hazard,2006
cpsc,07054,20061213,Children's Powerpuff Girls necklaces,,China,,toys_children,The recalled jewelry contains high levels of lead. Lead is toxic if ingested by young children and can cause adverse health effects.,,https://www.cpsc.gov/Recalls/2007/Childrens-Powerpuff-Girls-Necklaces-Recalled-Due-to-Lead-Poisoning-Hazard,2006
cpsc,07051,20061213,Children's Butterfly Necklaces,"U.S. Toy Co. Inc., of Grandview, Mo.",China,,toys_children,The clasps on the necklaces contain high levels of lead. Lead is toxic if ingested by young children and can cause adverse health effects.,,https://www.cpsc.gov/Recalls/2007/Childrens-Butterfly-Necklaces-Recalled-by-US-Toy-Co-Due-to-Lead-Poisoning-Hazard,2006
cpsc,07053,20061213,Gemco® Lemonade Jars,,China,,other,"The metal spigot contains lead and is in direct contact with the contents of the lemonade jar. Lemonade and other beverages can cause the lead to leach from the spigot. Long-term exposure to lead in children may be associated with behavioral problems, learning disabilities, hearing problems and grow",,https://www.cpsc.gov/Recalls/2007/Lifetime-Brands-Inc-Recalls-Lemonade-Jars-For-Lead-Exposure-Hazard,2006
cpsc,07511,20061205,Keyed 5K Series Door Handle Locks,"Stanley Security Solutions Inc., of Indianapolis, Ind.",Taiwan,,other,"The locks can fail and the door cannot be unlocked from the inside, posing an entrapment hazard. This failure could lead to the inability to vacate a location in an emergency.",,https://www.cpsc.gov/Recalls/2007/Stanley-Security-Solutions-Inc-Announces-Recall-of-Door-Handle-Locks-Failure-Could-Lead-to-Entrapment-in-an-Emergency,2006
cpsc,07043,20061205,Antique White Furniture from the Cottage Collection,,Mexico,,paint,"Some of the recalled furniture contains paint with high levels of lead. The lead level exceeds that allowed by the federal ban on lead-containing paint, which is designed to protect children who might ingest paint chips or peelings. Lead paint is toxic if ingested by young children and can cause adv",,https://www.cpsc.gov/Recalls/2007/The-Land-of-Nod-Recalls-Furniture-Due-to-Lead-Paint-Hazard,2006
cpsc,07042,20061204,Children's Mood Necklaces and Diva Necklaces,,China,,toys_children,The recalled jewelry contains high levels of lead. Lead is toxic if ingested by young children and can cause adverse health effects.,,https://www.cpsc.gov/Recalls/2007/Childrens-Necklaces-Recalled-Due-to-Lead-Poisoning-Hazard,2006
cpsc,07033,20061115,Decorative Snaps and Metal Clips,"Provo Craft, of Spanish Fork, Utah",China,,other,The recalled clips and snaps contain high levels of lead. Lead is toxic if ingested by young children and can cause adverse health effects.,,https://www.cpsc.gov/Recalls/2007/Decorative-Snaps-and-Metal-Clips-Recalled-by-Provo-Craft-Due-to-Lead-Poisoning-Hazard,2006
cpsc,07035,20061115,"Various ""Kool Toyz"" Children's Products","Toy Century Industrial Ltd., of Hong Kong",China,,toys_children,"Some of these toys contain lead paint, which is toxic if ingested by young children and can cause adverse health effects. Also, some of the toys have sharp points, posing laceration or puncture wound hazards.",,https://www.cpsc.gov/Recalls/2007/Target-Recalls-Various-Toys-Due-to-Lead-and-Laceration-Hazards,2006
cpsc,07029,20061109,Cars Toy Storage Benches,"Delta Enterprise Corp., New York, N.Y.",China,,toys_children,The red paint on the partition panels of the toy box contains high levels of lead. Lead is toxic if ingested by young children and can cause adverse health effects.,,https://www.cpsc.gov/Recalls/2007/Cars-Toy-Chests-Sold-at-Toys-R-Us-Recalled-by-Delta-Enterprise-Due-to-Lead-Poisoning-Hazard,2006
cpsc,06251,20060907,9-Foot Patio Umbrellas,"Zhejiang Nengfu Tourist Products Co., Ltd, of China",China,,other,"The umbrella poles contain paint with excessive levels of lead, which can cause adverse health effects if ingested by young children.",,https://www.cpsc.gov/Recalls/2006/Atico-International-USA-Recalls-9-Foot-Patio-Umbrellas-Sold-at-Longs-Drug-Stores-for-Lead-Hazard-,2006
cpsc,06236,20060817,Bendable Dog and Cat Toys,,China,,toys_children,"The paint on the bendable toys contains excessive levels of lead, which is banned under federal law. Lead is toxic and, if ingested by young children, can cause adverse health effects.",,https://www.cpsc.gov/Recalls/2006/Lead-Poisoning-Hazard-Prompts-Recall-of-Fun-Express-Childrens-Toys-Given-Away-at-Libraries,2006
cpsc,06160,20060510,Juicy Couture Children's Jewelry,"Liz Claiborne Inc., of North Bergen, N.J.",China,,toys_children,The recalled jewelry contains high levels of lead. Lead is toxic if ingested by young children and can cause adverse health effects.,,https://www.cpsc.gov/Recalls/2006/Juicy-Couture-Childrens-Jewelry-Recalled-for-Lead-Poisoning-Hazard,2006
cpsc,06156,20060505,Metal Charms (enclosed with certain DVDs),,China,,toys_children,The recalled charms contain high levels of lead. Lead is toxic if ingested by young children and can cause adverse health effects.,,https://www.cpsc.gov/Recalls/2006/Metal-Charms-Sold-with-Twentieth-Century-Fox-DVDs-Recalled-for-Toxic-Lead-Hazard-,2006
cpsc,06150,20060427,Children's Necklaces,,China,,toys_children,"The recalled necklaces contain high levels of lead, posing a serious risk of lead poisoning and adverse health effects to young children.",,https://www.cpsc.gov/Recalls/2006/Childrens-Necklaces-Recalled-for-Lead-Poisoning-Hazard,2006
cpsc,06123,20060330,American Girl Children's Jewelry,"American Girl Inc., of Middleton, Wis., a division of Mattel Inc., of El Segundo, Calif.",China,,toys_children,The recalled jewelry contains high levels of lead. Lead is toxic if ingested by young children and can cause adverse health effects.,,https://www.cpsc.gov/Recalls/2006/Childrens-Jewelry-Sold-at-American-Girl-Stores-Recalled-for-Lead-Poisoning-Hazard,2006
cpsc,06118,20060323,"Dollar Tree Mood Necklace and Ring, Glow-in-the Dark Necklace and Ring, and UV Necklace and Ring",,China,,toys_children,"The recalled jewelry contains high levels of lead, posing a serious risk of lead poisoning and adverse health effects to young children.",,https://www.cpsc.gov/Recalls/2006/Dollar-Tree-Stores-Inc-Toy-Jewelry-Recalled-for-Lead-Poisoning-Hazard-to-Children,2006
cpsc,06538,20060323,Beaded Photo Charm Bracelet,,China,,toys_children,"The recalled metal charm bracelets contain high levels of accessible lead, posing a serious risk of lead poisoning to young children. Lead poisoning in children is associated with behavioral problems, learning disabilities, hearing problems and growth retardation.",,https://www.cpsc.gov/Recalls/2006/Lead-Poisoning-Hazard-Prompts-Recall-of-Metal-Charm-Bracelets,2006
cpsc,06119,20060323,Reebok Heart-Shaped Charm Bracelets,,China,,toys_children,"The recalled jewelry contains high levels of lead, posing a risk of lead poisoning and adverse health effects to young children.",,https://www.cpsc.gov/Recalls/2006/Reebok-Recalls-Bracelet-Linked-to-Childs-Lead-Poisoning-Death,2006
cpsc,06100,20060301,Glowin' Dino and Glowin' Doggy Animal Flashlights,"The Little Tikes Co., of Hudson, Ohio",China,,paint,The light green paint on the dinosaur-shaped flashlight and the brown paint on the dog-shaped flashlight could contain excess levels of lead. Lead is toxic if ingested by young children and can cause adverse health effects.,,https://www.cpsc.gov/Recalls/2006/The-Little-Tikes-Co-Recalls-Animal-Shaped-Flashlights-Containing-Lead-Paint-Sold-at-Target,2006
cpsc,06093,20060223,Art Accentz™ Changlz™ Metal Charms,,China,,toys_children,"The recalled charms contain high levels of lead, posing a serious risk of lead poisoning and adverse health effects to young children.",,https://www.cpsc.gov/Recalls/2006/Metal-Charms-Recalled-for-Lead-Poisoning-Hazard-to-Children,2006
cpsc,94124,19940907,"Shure Products, Toys R Us Recall Art Set With Lead Poisoning Hazard",Shure Products,,,toys_children,Lead,,https://www.cpsc.gov/Recalls/1994/Shure-Products-Toys-R-Us-Recall-Art-Set-With-Lead-Poisoning-Hazard,1994
cpsc,94067,19940506,Wooden Armadillo toys,Colbert Collection,Mexico,,toys_children,Lead,,https://www.cpsc.gov/Recalls/1994/Colbert-Collection-Recalls-Wooden-Armadillos-Due-To-Lead-Paint-Hazards,1994
cpsc,94065,19940506,"Etna Products Company, Inc. Recalls Toy Wagon Due To Choking And Lead Hazard",Hanover House,China,,toys_children,Choking,,https://www.cpsc.gov/Recalls/1994/Etna-Products-Company-Inc-Recalls-Toy-Wagon-Due-To-Choking-And-Lead-Hazard,1994
cpsc,94055,19940405,Baum Crayons,$.99 Stores,China,,other,Lead,,https://www.cpsc.gov/Recalls/1994/CPSC-Announces-Recalls-Of-Imported-Crayons-Because-Of-Lead-Poisoning-Hazard,1994
cpsc,94049,19940322,Concord Enterprise jumbo crayons,Concord Enterprises,China,,other,Lead,,https://www.cpsc.gov/Recalls/1994/CPSC-And-Concord-Enterprises-Announce-Recall-Of-Certain-Crayons-Because-Of-Lead-Poisoning-Hazard,1994
cpsc,94017,19931213,"Cannon Falls children's toy necklaces, bracelets",Midwest Cannon Falls,China,,toys_children,Lead,,https://www.cpsc.gov/Recalls/1994/Lead-Paint-Hazard-Midwest-Importers-Recalls-Childrens-Necklaces-And-Bracelets,1993
cpsc,93049,19930304,Animals puzzles,U.S. Toy,Israel,,toys_children,Lead,,https://www.cpsc.gov/Recalls/1993/Lead-Paint-Hazard-Found-In-Four-Childrens-Puzzles,1993
cpsc,92094,19920616,Little Tikes Crib Centers crib toys,Little Tikes,United States,,toys_children,Lead,,https://www.cpsc.gov/Recalls/1992/The-Little-Tikes-Company-Recalls-Little-Tikes-Crib-Center-Due-To-Lead-Paint-Hazard,1992
cpsc,77103,19771003,"American Printing House for the Blind Biological Models, Land Forms",American Printing House for the Blind,,,toys_children,Lead,,https://www.cpsc.gov/Recalls/1977/Joint-Recall-Of-Lead-Painted-Produce-For-Blind-Children-Announced,1977
cpsc,77096,19770907,Chance Manufacturing Zipper Amusement Park Rides,Chance Manufacturing,,,paint,Fall,,https://www.cpsc.gov/Recalls/1977/CPSC-Announces-Final-Ban-On-Lead-Containing-Paint,1977
cpsc,76086,19761210,American Wick Company candles with lead-core candle wicks,American Wick,,,other,Lead,,https://www.cpsc.gov/Recalls/1976/CPSC-Warns-Of-Potential-Risk-Associated-With-Certain-Candles-With-Lead-Core-Wicks,1976
